GeoFips,GeoName,Jobs2019
1001,"Autauga, AL",18493
1003,"Baldwin, AL",119535
1005,"Barbour, AL",11684
1007,"Bibb, AL",6897
1009,"Blount, AL",15993
1011,"Bullock, AL",4281
1013,"Butler, AL",9766
1015,"Calhoun, AL",59132
1017,"Chambers, AL",12741
1019,"Cherokee, AL",8614
1021,"Chilton, AL",15224
1023,"Choctaw, AL",5453
1025,"Clarke, AL",11700
1027,"Clay, AL",6289
1029,"Cleburne, AL",4037
1031,"Coffee, AL",23427
1033,"Colbert, AL",32382
1035,"Conecuh, AL",5160
1037,"Coosa, AL",2481
1039,"Covington, AL",17718
1041,"Crenshaw, AL",6053
1043,"Cullman, AL",42551
1045,"Dale, AL",27040
1047,"Dallas, AL",16893
1049,"DeKalb, AL",33379
1051,"Elmore, AL",31885
1053,"Escambia, AL",18048
1055,"Etowah, AL",50285
1057,"Fayette, AL",5905
1059,"Franklin, AL",15553
1061,"Geneva, AL",8982
1063,"Greene, AL",3166
1065,"Hale, AL",4938
1067,"Henry, AL",6052
1069,"Houston, AL",66362
1071,"Jackson, AL",23001
1073,"Jefferson, AL",483959
1075,"Lamar, AL",5380
1077,"Lauderdale, AL",44969
1079,"Lawrence, AL",10115
1081,"Lee, AL",87625
1083,"Limestone, AL",38704
1085,"Lowndes, AL",4079
1087,"Macon, AL",7267
1089,"Madison, AL",271448
1091,"Marengo, AL",10158
1093,"Marion, AL",13934
1095,"Marshall, AL",53159
1097,"Mobile, AL",240491
1099,"Monroe, AL",9423
1101,"Montgomery, AL",174951
1103,"Morgan, AL",67929
1105,"Perry, AL",3727
1107,"Pickens, AL",6059
1109,"Pike, AL",19867
1111,"Randolph, AL",8097
1113,"Russell, AL",21019
1115,"St. Clair, AL",31299
1117,"Shelby, AL",128406
1119,"Sumter, AL",5062
1121,"Talladega, AL",38982
1123,"Tallapoosa, AL",19440
1125,"Tuscaloosa, AL",131782
1127,"Walker, AL",25671
1129,"Washington, AL",5757
1131,"Wilcox, AL",4326
1133,"Winston, AL",11555
2010,"Aleutian Islands Census Area, AK*",(NA)
2013,"Aleutians East Borough, AK*",2707
2016,"Aleutians West Census Area, AK*",3845
2020,"Anchorage Municipality, AK",204232
2050,"Bethel Census Area, AK*",8213
2060,"Bristol Bay Borough, AK",1596
2068,"Denali Borough, AK*",2528
2070,"Dillingham Census Area, AK*",3555
2090,"Fairbanks North Star Borough, AK",58474
2100,"Haines Borough, AK",1743
2105,"Hoonah-Angoon Census Area, AK*",1357
2110,"Juneau City and Borough, AK",23928
2122,"Kenai Peninsula Borough, AK",32687
2130,"Ketchikan Gateway Borough, AK*",10336
2150,"Kodiak Island Borough, AK",9255
2158,"Kusilvak Census Area, AK*",3161
2164,"Lake and Peninsula Borough, AK*",1264
2170,"Matanuska-Susitna Borough, AK",40739
2180,"Nome Census Area, AK*",4860
2185,"North Slope Borough, AK",13196
2188,"Northwest Arctic Borough, AK",3308
2195,"Petersburg Borough, AK*",2467
2198,"Prince of Wales-Hyder Census Area, AK*",3197
2201,"Prince of Wales-Outer Ketchikan Census Area, AK*",(NA)
2220,"Sitka City and Borough, AK",6506
2230,"Skagway Municipality, AK*",1238
2231,"Skagway-Yakutat-Angoon Census Area, AK*",(NA)
2232,"Skagway-Hoonah-Angoon Census Area, AK*",(NA)
2240,"Southeast Fairbanks Census Area, AK*",3542
2261,"Valdez-Cordova Census Area, AK*",7235
2275,"Wrangell City and Borough, AK*",1356
2280,"Wrangell-Petersburg Census Area, AK*",(NA)
2282,"Yakutat City and Borough, AK*",431
2290,"Yukon-Koyukuk Census Area, AK*",2832
2901,"Aleutian Islands Division, AK*",(NA)
2903,"Angoon Division, AK*",(NA)
2904,"Barrow-North Slope Division, AK*",(NA)
2905,"Bethel Division, AK*",(NA)
2907,"Bristol Bay Division, AK*",(NA)
2908,"Cordova-McCarthy Division, AK*",(NA)
2910,"Haines Division, AK*",(NA)
2912,"Kenai-Cook Inlet Division, AK*",(NA)
2916,"Kuskokwim Division, AK*",(NA)
2919,"Outer Ketchikan Division, AK*",(NA)
2920,"Prince of Wales Division, AK*",(NA)
2921,"Seward Division, AK*",(NA)
2922,"Sitka Division, AK*",(NA)
2923,"Skagway-Yakutat Division, AK*",(NA)
2924,"Southeast Fairbanks Division, AK*",(NA)
2925,"Upper Yukon Division, AK*",(NA)
2926,"Valdez-Chitina-Whittier Division, AK*",(NA)
2928,"Wrangell-Petersburg Division, AK*",(NA)
2929,"Yukon-Koyukuk Division, AK*",(NA)
4001,"Apache, AZ",27848
4003,"Cochise, AZ",52115
4005,"Coconino, AZ",87159
4007,"Gila, AZ",21015
4009,"Graham, AZ",12847
4011,"Greenlee, AZ",5816
4012,"La Paz, AZ*",8076
4013,"Maricopa, AZ",2783679
4015,"Mohave, AZ",73421
4017,"Navajo, AZ",41746
4019,"Pima, AZ",536686
4021,"Pinal, AZ",102834
4023,"Santa Cruz, AZ",21036
4025,"Yavapai, AZ",103773
4027,"Yuma, AZ*",91296
5001,"Arkansas, AR",13892
5003,"Ashley, AR",9280
5005,"Baxter, AR",21834
5007,"Benton, AR",167561
5009,"Boone, AR",20942
5011,"Bradley, AR",5171
5013,"Calhoun, AR",3387
5015,"Carroll, AR",16340
5017,"Chicot, AR",4568
5019,"Clark, AR",12823
5021,"Clay, AR",5503
5023,"Cleburne, AR",11248
5025,"Cleveland, AR",1935
5027,"Columbia, AR",11555
5029,"Conway, AR",10149
5031,"Craighead, AR",71272
5033,"Crawford, AR",27882
5035,"Crittenden, AR",23957
5037,"Cross, AR",7844
5039,"Dallas, AR",3389
5041,"Desha, AR",6531
5043,"Drew, AR",9342
5045,"Faulkner, AR",61179
5047,"Franklin, AR",7408
5049,"Fulton, AR",4139
5051,"Garland, AR",54293
5053,"Grant, AR",6461
5055,"Greene, AR",21584
5057,"Hempstead, AR",10597
5059,"Hot Spring, AR",12423
5061,"Howard, AR",8602
5063,"Independence, AR",21843
5065,"Izard, AR",5438
5067,"Jackson, AR",7372
5069,"Jefferson, AR",35983
5071,"Johnson, AR",11271
5073,"Lafayette, AR",2150
5075,"Lawrence, AR",6536
5077,"Lee, AR",3387
5079,"Lincoln, AR",4478
5081,"Little River, AR",5026
5083,"Logan, AR",8146
5085,"Lonoke, AR",23172
5087,"Madison, AR",6638
5089,"Marion, AR",6449
5091,"Miller, AR",19063
5093,"Mississippi, AR",23099
5095,"Monroe, AR",3430
5097,"Montgomery, AR",2944
5099,"Nevada, AR",3713
5101,"Newton, AR",2671
5103,"Ouachita, AR",9522
5105,"Perry, AR",2790
5107,"Phillips, AR",8222
5109,"Pike, AR",4466
5111,"Poinsett, AR",8512
5113,"Polk, AR",9585
5115,"Pope, AR",35218
5117,"Prairie, AR",2948
5119,"Pulaski, AR",333381
5121,"Randolph, AR",8680
5123,"St. Francis, AR",10622
5125,"Saline, AR",40405
5127,"Scott, AR",4685
5129,"Searcy, AR",3506
5131,"Sebastian, AR",84870
5133,"Sevier, AR",7129
5135,"Sharp, AR",6080
5137,"Stone, AR",5046
5139,"Union, AR",23794
5141,"Van Buren, AR",6057
5143,"Washington, AR",153934
5145,"White, AR",36156
5147,"Woodruff, AR",2792
5149,"Yell, AR",9443
6001,"Alameda, CA",1103995
6003,"Alpine, CA",1223
6005,"Amador, CA",18496
6007,"Butte, CA",113221
6009,"Calaveras, CA",17367
6011,"Colusa, CA",12349
6013,"Contra Costa, CA",582740
6015,"Del Norte, CA",11142
6017,"El Dorado, CA",94513
6019,"Fresno, CA",523122
6021,"Glenn, CA",13482
6023,"Humboldt, CA",74626
6025,"Imperial, CA",82159
6027,"Inyo, CA",10479
6029,"Kern, CA",432982
6031,"Kings, CA",65092
6033,"Lake, CA",25399
6035,"Lassen, CA",12837
6037,"Los Angeles, CA",6685737
6039,"Madera, CA",67715
6041,"Marin, CA",199882
6043,"Mariposa, CA",8517
6045,"Mendocino, CA",49852
6047,"Merced, CA",107288
6049,"Modoc, CA",4159
6051,"Mono, CA",10632
6053,"Monterey, CA",261783
6055,"Napa, CA",109197
6057,"Nevada, CA",56461
6059,"Orange, CA",2341882
6061,"Placer, CA",250075
6063,"Plumas, CA",10079
6065,"Riverside, CA",1103528
6067,"Sacramento, CA",922007
6069,"San Benito, CA",25521
6071,"San Bernardino, CA",1082772
6073,"San Diego, CA",2204327
6075,"San Francisco, CA",1005982
6077,"San Joaquin, CA",347851
6079,"San Luis Obispo, CA",178476
6081,"San Mateo, CA",587811
6083,"Santa Barbara, CA",291191
6085,"Santa Clara, CA",1465461
6087,"Santa Cruz, CA",159825
6089,"Shasta, CA",93816
6091,"Sierra, CA",1174
6093,"Siskiyou, CA",21557
6095,"Solano, CA",207214
6097,"Sonoma, CA",313181
6099,"Stanislaus, CA",257494
6101,"Sutter, CA",45001
6103,"Tehama, CA",26600
6105,"Trinity, CA",4682
6107,"Tulare, CA",213301
6109,"Tuolumne, CA",26479
6111,"Ventura, CA",482248
6113,"Yolo, CA",145499
6115,"Yuba, CA",30580
8001,"Adams, CO*",302140
8003,"Alamosa, CO",11335
8005,"Arapahoe, CO",475056
8007,"Archuleta, CO",8763
8009,"Baca, CO",2577
8011,"Bent, CO",1900
8013,"Boulder, CO*",281568
8014,"Broomfield, CO*",54347
8015,"Chaffee, CO",13620
8017,"Cheyenne, CO",1603
8019,"Clear Creek, CO",5241
8021,"Conejos, CO",3386
8023,"Costilla, CO",1718
8025,"Crowley, CO",1731
8027,"Custer, CO",2296
8029,"Delta, CO",16067
8031,"Denver, CO",710724
8033,"Dolores, CO",1194
8035,"Douglas, CO",208068
8037,"Eagle, CO",50015
8039,"Elbert, CO",10738
8041,"El Paso, CO",435408
8043,"Fremont, CO",20475
8045,"Garfield, CO",40339
8047,"Gilpin, CO",5909
8049,"Grand, CO",11888
8051,"Gunnison, CO",14292
8053,"Hinsdale, CO",600
8055,"Huerfano, CO",3275
8057,"Jackson, CO",1068
8059,"Jefferson, CO*",364356
8061,"Kiowa, CO",1299
8063,"Kit Carson, CO",5081
8065,"Lake, CO",3674
8067,"La Plata, CO",41633
8069,"Larimer, CO",245338
8071,"Las Animas, CO",7847
8073,"Lincoln, CO",3566
8075,"Logan, CO",12517
8077,"Mesa, CO",92118
8079,"Mineral, CO",968
8081,"Moffat, CO",7268
8083,"Montezuma, CO",15042
8085,"Montrose, CO",24748
8087,"Morgan, CO",17693
8089,"Otero, CO",9110
8091,"Ouray, CO",3851
8093,"Park, CO",6369
8095,"Phillips, CO",3008
8097,"Pitkin, CO",25275
8099,"Prowers, CO",6985
8101,"Pueblo, CO",82308
8103,"Rio Blanco, CO",4404
8105,"Rio Grande, CO",6620
8107,"Routt, CO",24413
8109,"Saguache, CO",3272
8111,"San Juan, CO",595
8113,"San Miguel, CO",9564
8115,"Sedgwick, CO",1451
8117,"Summit, CO",30997
8119,"Teller, CO",12564
8121,"Washington, CO",2905
8123,"Weld, CO*",167913
8125,"Yuma, CO",7651
9001,"Fairfield, CT",666826
9003,"Hartford, CT",666463
9005,"Litchfield, CT",97373
9007,"Middlesex, CT",99783
9009,"New Haven, CT",515387
9011,"New London, CT",167200
9013,"Tolland, CT",64882
9015,"Windham, CT",53812
10001,"Kent, DE",95847
10003,"New Castle, DE",389123
10005,"Sussex, DE",121724
11001,"District of Columbia, DC",923009
12001,"Alachua, FL",181406
12003,"Baker, FL",10572
12005,"Bay, FL",105766
12007,"Bradford, FL",9274
12009,"Brevard, FL",313828
12011,"Broward, FL",1293129
12013,"Calhoun, FL",4366
12015,"Charlotte, FL",75702
12017,"Citrus, FL",51397
12019,"Clay, FL",81493
12021,"Collier, FL",238593
12023,"Columbia, FL",34046
12027,"DeSoto, FL",14247
12029,"Dixie, FL",4284
12031,"Duval, FL",704403
12033,"Escambia, FL",195627
12035,"Flagler, FL",41934
12037,"Franklin, FL",5615
12039,"Gadsden, FL",20474
12041,"Gilchrist, FL",6057
12043,"Glades, FL",3908
12045,"Gulf, FL",5853
12047,"Hamilton, FL",4502
12049,"Hardee, FL",10929
12051,"Hendry, FL",19911
12053,"Hernando, FL",68193
12055,"Highlands, FL",41266
12057,"Hillsborough, FL",997742
12059,"Holmes, FL",6257
12061,"Indian River, FL",85014
12063,"Jackson, FL",20841
12065,"Jefferson, FL",5086
12067,"Lafayette, FL",2232
12069,"Lake, FL",153720
12071,"Lee, FL",403070
12073,"Leon, FL",204343
12075,"Levy, FL",14914
12077,"Liberty, FL",2682
12079,"Madison, FL",7062
12081,"Manatee, FL",197284
12083,"Marion, FL",159229
12085,"Martin, FL",104594
12086,"Miami-Dade, FL",1917207
12087,"Monroe, FL",65640
12089,"Nassau, FL",37280
12091,"Okaloosa, FL",138398
12093,"Okeechobee, FL",16601
12095,"Orange, FL",1168750
12097,"Osceola, FL",161252
12099,"Palm Beach, FL",991051
12101,"Pasco, FL",195427
12103,"Pinellas, FL",625002
12105,"Polk, FL",322930
12107,"Putnam, FL",23948
12109,"St. Johns, FL",128333
12111,"St. Lucie, FL",128631
12113,"Santa Rosa, FL",66464
12115,"Sarasota, FL",264670
12117,"Seminole, FL",292966
12119,"Sumter, FL",47422
12121,"Suwannee, FL",17314
12123,"Taylor, FL",8576
12125,"Union, FL",4831
12127,"Volusia, FL",258590
12129,"Wakulla, FL",9968
12131,"Walton, FL",45732
12133,"Washington, FL",9220
13001,"Appling, GA",9653
13003,"Atkinson, GA",3589
13005,"Bacon, GA",5408
13007,"Baker, GA",1043
13009,"Baldwin, GA",22726
13011,"Banks, GA",6998
13013,"Barrow, GA",31966
13015,"Bartow, GA",56990
13017,"Ben Hill, GA",7849
13019,"Berrien, GA",6202
13021,"Bibb, GA",112620
13023,"Bleckley, GA",4486
13025,"Brantley, GA",4425
13027,"Brooks, GA",5457
13029,"Bryan, GA",14865
13031,"Bulloch, GA",37466
13033,"Burke, GA",17267
13035,"Butts, GA",10392
13037,"Calhoun, GA",1821
13039,"Camden, GA",24409
13043,"Candler, GA",5114
13045,"Carroll, GA",59519
13047,"Catoosa, GA",23370
13049,"Charlton, GA",3000
13051,"Chatham, GA",213268
13053,"Chattahoochee, GA",17339
13055,"Chattooga, GA",8688
13057,"Cherokee, GA",112971
13059,"Clarke, GA",95177
13061,"Clay, GA",1023
13063,"Clayton, GA",179628
13065,"Clinch, GA",3114
13067,"Cobb, GA",552617
13069,"Coffee, GA",24385
13071,"Colquitt, GA",20814
13073,"Columbia, GA",58265
13075,"Cook, GA",6535
13077,"Coweta, GA",64123
13079,"Crawford, GA",2775
13081,"Crisp, GA",11615
13083,"Dade, GA",6046
13085,"Dawson, GA",13920
13087,"Decatur, GA",12438
13089,"DeKalb, GA",470182
13091,"Dodge, GA",7838
13093,"Dooly, GA",5408
13095,"Dougherty, GA",62170
13097,"Douglas, GA",70912
13099,"Early, GA",5831
13101,"Echols, GA",917
13103,"Effingham, GA",18506
13105,"Elbert, GA",8781
13107,"Emanuel, GA",10097
13109,"Evans, GA",6023
13111,"Fannin, GA",12107
13113,"Fayette, GA",69274
13115,"Floyd, GA",53789
13117,"Forsyth, GA",122442
13119,"Franklin, GA",11900
13121,"Fulton, GA",1201235
13123,"Gilmer, GA",12160
13125,"Glascock, GA",863
13127,"Glynn, GA",53700
13129,"Gordon, GA",30828
13131,"Grady, GA",9316
13133,"Greene, GA",9984
13135,"Gwinnett, GA",571989
13137,"Habersham, GA",20385
13139,"Hall, GA",121156
13141,"Hancock, GA",2666
13143,"Haralson, GA",10581
13145,"Harris, GA",10857
13147,"Hart, GA",10766
13149,"Heard, GA",3430
13151,"Henry, GA",108451
13153,"Houston, GA",88038
13155,"Irwin, GA",3694
13157,"Jackson, GA",39431
13159,"Jasper, GA",4603
13161,"Jeff Davis, GA",6209
13163,"Jefferson, GA",7562
13165,"Jenkins, GA",2543
13167,"Johnson, GA",2745
13169,"Jones, GA",8119
13171,"Lamar, GA",6012
13173,"Lanier, GA",2640
13175,"Laurens, GA",26068
13177,"Lee, GA",11197
13179,"Liberty, GA",40654
13181,"Lincoln, GA",2414
13183,"Long, GA",2491
13185,"Lowndes, GA",70437
13187,"Lumpkin, GA",13310
13189,"McDuffie, GA",10475
13191,"McIntosh, GA",3663
13193,"Macon, GA",4731
13195,"Madison, GA",7978
13197,"Marion, GA",1980
13199,"Meriwether, GA",7943
13201,"Miller, GA",2604
13205,"Mitchell, GA",9865
13207,"Monroe, GA",12428
13209,"Montgomery, GA",2925
13211,"Morgan, GA",12102
13213,"Murray, GA",11725
13215,"Muscogee, GA",131203
13217,"Newton, GA",44963
13219,"Oconee, GA",22845
13221,"Oglethorpe, GA",4064
13223,"Paulding, GA",49790
13225,"Peach, GA",13997
13227,"Pickens, GA",13857
13229,"Pierce, GA",6787
13231,"Pike, GA",5829
13233,"Polk, GA",16323
13235,"Pulaski, GA",4566
13237,"Putnam, GA",9713
13239,"Quitman, GA",626
13241,"Rabun, GA",8583
13243,"Randolph, GA",3034
13245,"Richmond, GA",148357
13247,"Rockdale, GA",49855
13249,"Schley, GA",1652
13251,"Screven, GA",5097
13253,"Seminole, GA",3527
13255,"Spalding, GA",32661
13257,"Stephens, GA",12278
13259,"Stewart, GA",2075
13261,"Sumter, GA",15292
13263,"Talbot, GA",1665
13265,"Taliaferro, GA",552
13267,"Tattnall, GA",8948
13269,"Taylor, GA",2939
13271,"Telfair, GA",4232
13273,"Terrell, GA",3610
13275,"Thomas, GA",27110
13277,"Tift, GA",27687
13279,"Toombs, GA",15873
13281,"Towns, GA",5766
13283,"Treutlen, GA",2071
13285,"Troup, GA",51902
13287,"Turner, GA",3530
13289,"Twiggs, GA",3937
13291,"Union, GA",11295
13293,"Upson, GA",9985
13295,"Walker, GA",21457
13297,"Walton, GA",38251
13299,"Ware, GA",20711
13301,"Warren, GA",2680
13303,"Washington, GA",9559
13305,"Wayne, GA",11606
13307,"Webster, GA",924
13309,"Wheeler, GA",1849
13311,"White, GA",13947
13313,"Whitfield, GA",68790
13315,"Wilcox, GA",2364
13317,"Wilkes, GA",4510
13319,"Wilkinson, GA",5213
13321,"Worth, GA",6309
15001,"Hawaii, HI",110650
15003,"Honolulu, HI",659310
15007,"Kauai, HI",48541
15901,"Maui + Kalawao, HI*",113729
16001,"Ada, ID",348189
16003,"Adams, ID",2236
16005,"Bannock, ID",48957
16007,"Bear Lake, ID",3403
16009,"Benewah, ID",5223
16011,"Bingham, ID",23127
16013,"Blaine, ID",21863
16015,"Boise, ID",3173
16017,"Bonner, ID",23852
16019,"Bonneville, ID",75427
16021,"Boundary, ID",6137
16023,"Butte, ID",9203
16025,"Camas, ID",705
16027,"Canyon, ID",102288
16029,"Caribou, ID",5133
16031,"Cassia, ID",16151
16033,"Clark, ID",543
16035,"Clearwater, ID",4007
16037,"Custer, ID",2831
16039,"Elmore, ID",13813
16041,"Franklin, ID",6857
16043,"Fremont (includes Yellowstone Park), ID",6348
16045,"Gem, ID",7265
16047,"Gooding, ID",9188
16049,"Idaho, ID",7908
16051,"Jefferson, ID",12787
16053,"Jerome, ID",12572
16055,"Kootenai, ID",94185
16057,"Latah, ID",22940
16059,"Lemhi, ID",4551
16061,"Lewis, ID",2585
16063,"Lincoln, ID",2695
16065,"Madison, ID",24601
16067,"Minidoka, ID",11530
16069,"Nez Perce, ID",26881
16071,"Oneida, ID",2428
16073,"Owyhee, ID",5034
16075,"Payette, ID",10544
16077,"Power, ID",4852
16079,"Shoshone, ID",6344
16081,"Teton, ID",7143
16083,"Twin Falls, ID",54065
16085,"Valley, ID",7542
16087,"Washington, ID",4558
17001,"Adams, IL",42848
17003,"Alexander, IL",1652
17005,"Bond, IL",7074
17007,"Boone, IL",24431
17009,"Brown, IL",5351
17011,"Bureau, IL",16267
17013,"Calhoun, IL",1623
17015,"Carroll, IL",6899
17017,"Cass, IL",7502
17019,"Champaign, IL",131123
17021,"Christian, IL",14095
17023,"Clark, IL",7423
17025,"Clay, IL",7501
17027,"Clinton, IL",17024
17029,"Coles, IL",31499
17031,"Cook, IL",3600552
17033,"Crawford, IL",10427
17035,"Cumberland, IL",4791
17037,"DeKalb, IL",52510
17039,"De Witt, IL",7183
17041,"Douglas, IL",12291
17043,"DuPage, IL",801505
17045,"Edgar, IL",8853
17047,"Edwards, IL",3490
17049,"Effingham, IL",28998
17051,"Fayette, IL",8625
17053,"Ford, IL",6927
17055,"Franklin, IL",13809
17057,"Fulton, IL",12104
17059,"Gallatin, IL",1984
17061,"Greene, IL",4328
17063,"Grundy, IL",26906
17065,"Hamilton, IL",3742
17067,"Hancock, IL",7107
17069,"Hardin, IL",1212
17071,"Henderson, IL",2251
17073,"Henry, IL",20909
17075,"Iroquois, IL",12731
17077,"Jackson, IL",35500
17079,"Jasper, IL",4413
17081,"Jefferson, IL",25933
17083,"Jersey, IL",7870
17085,"Jo Daviess, IL",11679
17087,"Johnson, IL",3857
17089,"Kane, IL",283377
17091,"Kankakee, IL",57058
17093,"Kendall, IL",45423
17095,"Knox, IL",24294
17097,"Lake, IL",475635
17099,"LaSalle, IL",54469
17101,"Lawrence, IL",6122
17103,"Lee, IL",16631
17105,"Livingston, IL",18386
17107,"Logan, IL",12320
17109,"McDonough, IL",15688
17111,"McHenry, IL",140684
17113,"McLean, IL",111472
17115,"Macon, IL",61206
17117,"Macoupin, IL",16441
17119,"Madison, IL",134628
17121,"Marion, IL",18691
17123,"Marshall, IL",4500
17125,"Mason, IL",4790
17127,"Massac, IL",4906
17129,"Menard, IL",3496
17131,"Mercer, IL",5374
17133,"Monroe, IL",13357
17135,"Montgomery, IL",12505
17137,"Morgan, IL",18499
17139,"Moultrie, IL",6725
17141,"Ogle, IL",22417
17143,"Peoria, IL",126142
17145,"Perry, IL",7000
17147,"Piatt, IL",6207
17149,"Pike, IL",6806
17151,"Pope, IL",1318
17153,"Pulaski, IL",2505
17155,"Putnam, IL",2561
17157,"Randolph, IL",15180
17159,"Richland, IL",8874
17161,"Rock Island, IL",90933
17163,"St. Clair, IL",128179
17165,"Saline, IL",11201
17167,"Sangamon, IL",125210
17169,"Schuyler, IL",2850
17171,"Scott, IL",1982
17173,"Shelby, IL",8917
17175,"Stark, IL",2264
17177,"Stephenson, IL",24075
17179,"Tazewell, IL",63252
17181,"Union, IL",7348
17183,"Vermilion, IL",35539
17185,"Wabash, IL",5407
17187,"Warren, IL",8729
17189,"Washington, IL",9395
17191,"Wayne, IL",8072
17193,"White, IL",7508
17195,"Whiteside, IL",28347
17197,"Will, IL",346301
17199,"Williamson, IL",38378
17201,"Winnebago, IL",162592
17203,"Woodford, IL",15919
18001,"Adams, IN",21202
18003,"Allen, IN",250512
18005,"Bartholomew, IN",62220
18007,"Benton, IN",3816
18009,"Blackford, IN",4364
18011,"Boone, IN",44825
18013,"Brown, IN",5588
18015,"Carroll, IN",8594
18017,"Cass, IN",19241
18019,"Clark, IN",69421
18021,"Clay, IN",11062
18023,"Clinton, IN",15155
18025,"Crawford, IN",3260
18027,"Daviess, IN",18596
18029,"Dearborn, IN",20682
18031,"Decatur, IN",18308
18033,"DeKalb, IN",28531
18035,"Delaware, IN",60082
18037,"Dubois, IN",35925
18039,"Elkhart, IN",162215
18041,"Fayette, IN",8735
18043,"Floyd, IN",43220
18045,"Fountain, IN",6966
18047,"Franklin, IN",7963
18049,"Fulton, IN",9799
18051,"Gibson, IN",25506
18053,"Grant, IN",35183
18055,"Greene, IN",10919
18057,"Hamilton, IN",216489
18059,"Hancock, IN",37467
18061,"Harrison, IN",16077
18063,"Hendricks, IN",99597
18065,"Henry, IN",18008
18067,"Howard, IN",48258
18069,"Huntington, IN",18400
18071,"Jackson, IN",26906
18073,"Jasper, IN",15755
18075,"Jay, IN",10331
18077,"Jefferson, IN",16854
18079,"Jennings, IN",10655
18081,"Johnson, IN",80415
18083,"Knox, IN",22473
18085,"Kosciusko, IN",50793
18087,"Lagrange, IN",23057
18089,"Lake, IN",249849
18091,"LaPorte, IN",53548
18093,"Lawrence, IN",19806
18095,"Madison, IN",54490
18097,"Marion, IN",775757
18099,"Marshall, IN",24720
18101,"Martin, IN",9456
18103,"Miami, IN",13379
18105,"Monroe, IN",93049
18107,"Montgomery, IN",20469
18109,"Morgan, IN",24806
18111,"Newton, IN",4957
18113,"Noble, IN",24779
18115,"Ohio, IN",1996
18117,"Orange, IN",10416
18119,"Owen, IN",8075
18121,"Parke, IN",5802
18123,"Perry, IN",8710
18125,"Pike, IN",4216
18127,"Porter, IN",85552
18129,"Posey, IN",12281
18131,"Pulaski, IN",6624
18133,"Putnam, IN",18972
18135,"Randolph, IN",9553
18137,"Ripley, IN",17148
18139,"Rush, IN",7723
18141,"St. Joseph, IN",165424
18143,"Scott, IN",10673
18145,"Shelby, IN",24410
18147,"Spencer, IN",9852
18149,"Starke, IN",6852
18151,"Steuben, IN",21611
18153,"Sullivan, IN",8009
18155,"Switzerland, IN",3547
18157,"Tippecanoe, IN",116469
18159,"Tipton, IN",7735
18161,"Union, IN",2437
18163,"Vanderburgh, IN",134047
18165,"Vermillion, IN",5978
18167,"Vigo, IN",60655
18169,"Wabash, IN",16514
18171,"Warren, IN",3194
18173,"Warrick, IN",25376
18175,"Washington, IN",10127
18177,"Wayne, IN",39172
18179,"Wells, IN",14674
18181,"White, IN",12773
18183,"Whitley, IN",17820
19001,"Adair, IA",4752
19003,"Adams, IA",2351
19005,"Allamakee, IA",8083
19007,"Appanoose, IA",6890
19009,"Audubon, IA",3114
19011,"Benton, IA",10581
19013,"Black Hawk, IA",92231
19015,"Boone, IA",13493
19017,"Bremer, IA",15050
19019,"Buchanan, IA",10589
19021,"Buena Vista, IA",14224
19023,"Butler, IA",6810
19025,"Calhoun, IA",5031
19027,"Carroll, IA",16416
19029,"Cass, IA",8376
19031,"Cedar, IA",8909
19033,"Cerro Gordo, IA",31390
19035,"Cherokee, IA",7363
19037,"Chickasaw, IA",7802
19039,"Clarke, IA",6013
19041,"Clay, IA",11992
19043,"Clayton, IA",11220
19045,"Clinton, IA",26667
19047,"Crawford, IA",9826
19049,"Dallas, IA",63086
19051,"Davis, IA",4201
19053,"Decatur, IA",4254
19055,"Delaware, IA",10789
19057,"Des Moines, IA",26643
19059,"Dickinson, IA",13648
19061,"Dubuque, IA",74041
19063,"Emmet, IA",5486
19065,"Fayette, IA",11205
19067,"Floyd, IA",9234
19069,"Franklin, IA",6234
19071,"Fremont, IA",3869
19073,"Greene, IA",5478
19075,"Grundy, IA",6577
19077,"Guthrie, IA",5800
19079,"Hamilton, IA",8360
19081,"Hancock, IA",8561
19083,"Hardin, IA",10044
19085,"Harrison, IA",6836
19087,"Henry, IA",12537
19089,"Howard, IA",6389
19091,"Humboldt, IA",5806
19093,"Ida, IA",5381
19095,"Iowa, IA",13297
19097,"Jackson, IA",10352
19099,"Jasper, IA",16871
19101,"Jefferson, IA",11777
19103,"Johnson, IA",118353
19105,"Jones, IA",9786
19107,"Keokuk, IA",4484
19109,"Kossuth, IA",10673
19111,"Lee, IA",19768
19113,"Linn, IA",164088
19115,"Louisa, IA",5624
19117,"Lucas, IA",5392
19119,"Lyon, IA",7352
19121,"Madison, IA",7342
19123,"Mahaska, IA",11313
19125,"Marion, IA",23494
19127,"Marshall, IA",21264
19129,"Mills, IA",5915
19131,"Mitchell, IA",7347
19133,"Monona, IA",4283
19135,"Monroe, IA",5165
19137,"Montgomery, IA",6153
19139,"Muscatine, IA",27840
19141,"O'Brien, IA",9296
19143,"Osceola, IA",3627
19145,"Page, IA",8173
19147,"Palo Alto, IA",5939
19149,"Plymouth, IA",16499
19151,"Pocahontas, IA",4921
19153,"Polk, IA",378310
19155,"Pottawattamie, IA",53165
19157,"Poweshiek, IA",13537
19159,"Ringgold, IA",2739
19161,"Sac, IA",5679
19163,"Scott, IA",114585
19165,"Shelby, IA",8471
19167,"Sioux, IA",28524
19169,"Story, IA",64430
19171,"Tama, IA",8666
19173,"Taylor, IA",3538
19175,"Union, IA",8101
19177,"Van Buren, IA",3526
19179,"Wapello, IA",20284
19181,"Warren, IA",20062
19183,"Washington, IA",13399
19185,"Wayne, IA",3626
19187,"Webster, IA",23516
19189,"Winnebago, IA",6550
19191,"Winneshiek, IA",15919
19193,"Woodbury, IA",64688
19195,"Worth, IA",3973
19197,"Wright, IA",8327
20001,"Allen, KS",8232
20003,"Anderson, KS",3990
20005,"Atchison, KS",8176
20007,"Barber, KS",3329
20009,"Barton, KS",18709
20011,"Bourbon, KS",9229
20013,"Brown, KS",7114
20015,"Butler, KS",30382
20017,"Chase, KS",1744
20019,"Chautauqua, KS",1705
20021,"Cherokee, KS",8858
20023,"Cheyenne, KS",1767
20025,"Clark, KS",1427
20027,"Clay, KS",4872
20029,"Cloud, KS",5120
20031,"Coffey, KS",5762
20033,"Comanche, KS",1242
20035,"Cowley, KS",19009
20037,"Crawford, KS",23607
20039,"Decatur, KS",1650
20041,"Dickinson, KS",9754
20043,"Doniphan, KS",3624
20045,"Douglas, KS",75267
20047,"Edwards, KS",1712
20049,"Elk, KS",1418
20051,"Ellis, KS",25124
20053,"Ellsworth, KS",3747
20055,"Finney, KS",24948
20057,"Ford, KS",21834
20059,"Franklin, KS",14066
20061,"Geary, KS",32566
20063,"Gove, KS",2427
20065,"Graham, KS",1866
20067,"Grant, KS",4255
20069,"Gray, KS",4882
20071,"Greeley, KS",1219
20073,"Greenwood, KS",3452
20075,"Hamilton, KS",1827
20077,"Harper, KS",4262
20079,"Harvey, KS",20276
20081,"Haskell, KS",2946
20083,"Hodgeman, KS",1308
20085,"Jackson, KS",6907
20087,"Jefferson, KS",7044
20089,"Jewell, KS",1801
20091,"Johnson, KS",480839
20093,"Kearny, KS",2345
20095,"Kingman, KS",4520
20097,"Kiowa, KS",2131
20099,"Labette, KS",13701
20101,"Lane, KS",1272
20103,"Leavenworth, KS",34173
20105,"Lincoln, KS",1741
20107,"Linn, KS",4041
20109,"Logan, KS",2268
20111,"Lyon, KS",21111
20113,"McPherson, KS",22459
20115,"Marion, KS",6624
20117,"Marshall, KS",7375
20119,"Meade, KS",2727
20121,"Miami, KS",14939
20123,"Mitchell, KS",4911
20125,"Montgomery, KS",19590
20127,"Morris, KS",2900
20129,"Morton, KS",1796
20131,"Nemaha, KS",7485
20133,"Neosho, KS",9225
20135,"Ness, KS",2540
20137,"Norton, KS",3663
20139,"Osage, KS",5713
20141,"Osborne, KS",2667
20143,"Ottawa, KS",2642
20145,"Pawnee, KS",3981
20147,"Phillips, KS",3779
20149,"Pottawatomie, KS",14543
20151,"Pratt, KS",6962
20153,"Rawlins, KS",1838
20155,"Reno, KS",36867
20157,"Republic, KS",3235
20159,"Rice, KS",5880
20161,"Riley, KS",44174
20163,"Rooks, KS",3675
20165,"Rush, KS",2153
20167,"Russell, KS",5086
20169,"Saline, KS",38857
20171,"Scott, KS",3439
20173,"Sedgwick, KS",343664
20175,"Seward, KS",13924
20177,"Shawnee, KS",122012
20179,"Sheridan, KS",2110
20181,"Sherman, KS",3954
20183,"Smith, KS",2554
20185,"Stafford, KS",2620
20187,"Stanton, KS",1574
20189,"Stevens, KS",3109
20191,"Sumner, KS",11021
20193,"Thomas, KS",6291
20195,"Trego, KS",2319
20197,"Wabaunsee, KS",2883
20199,"Wallace, KS",1207
20201,"Washington, KS",3660
20203,"Wichita, KS",1607
20205,"Wilson, KS",5283
20207,"Woodson, KS",1659
20209,"Wyandotte, KS",110017
21001,"Adair, KY",8030
21003,"Allen, KY",8317
21005,"Anderson, KY",8009
21007,"Ballard, KY",2804
21009,"Barren, KY",24296
21011,"Bath, KY",3898
21013,"Bell, KY",10362
21015,"Boone, KY",114140
21017,"Bourbon, KY",10550
21019,"Boyd, KY",29248
21021,"Boyle, KY",18985
21023,"Bracken, KY",2789
21025,"Breathitt, KY",3812
21027,"Breckinridge, KY",7159
21029,"Bullitt, KY",34422
21031,"Butler, KY",4825
21033,"Caldwell, KY",6093
21035,"Calloway, KY",23065
21037,"Campbell, KY",43521
21039,"Carlisle, KY",2098
21041,"Carroll, KY",8462
21043,"Carter, KY",8798
21045,"Casey, KY",6606
21047,"Christian, KY",67557
21049,"Clark, KY",19774
21051,"Clay, KY",5750
21053,"Clinton, KY",5408
21055,"Crittenden, KY",3530
21057,"Cumberland, KY",3163
21059,"Daviess, KY",59615
21061,"Edmonson, KY",3636
21063,"Elliott, KY",1947
21065,"Estill, KY",3892
21067,"Fayette, KY",255554
21069,"Fleming, KY",6271
21071,"Floyd, KY",14591
21073,"Franklin, KY",40033
21075,"Fulton, KY",2850
21077,"Gallatin, KY",3603
21079,"Garrard, KY",5098
21081,"Grant, KY",8037
21083,"Graves, KY",17620
21085,"Grayson, KY",12435
21087,"Green, KY",4079
21089,"Greenup, KY",12052
21091,"Hancock, KY",5311
21093,"Hardin, KY",65902
21095,"Harlan, KY",8083
21097,"Harrison, KY",7967
21099,"Hart, KY",9238
21101,"Henderson, KY",24507
21103,"Henry, KY",5622
21105,"Hickman, KY",1736
21107,"Hopkins, KY",22074
21109,"Jackson, KY",3510
21111,"Jefferson, KY",601338
21113,"Jessamine, KY",26109
21115,"Johnson, KY",7498
21117,"Kenton, KY",90580
21119,"Knott, KY",3620
21121,"Knox, KY",11260
21123,"Larue, KY",5010
21125,"Laurel, KY",34469
21127,"Lawrence, KY",5063
21129,"Lee, KY",2407
21131,"Leslie, KY",2253
21133,"Letcher, KY",5963
21135,"Lewis, KY",3891
21137,"Lincoln, KY",7588
21139,"Livingston, KY",3914
21141,"Logan, KY",13311
21143,"Lyon, KY",3674
21145,"McCracken, KY",49137
21147,"McCreary, KY",4282
21149,"McLean, KY",3165
21151,"Madison, KY",47746
21153,"Magoffin, KY",3202
21155,"Marion, KY",12146
21157,"Marshall, KY",16084
21159,"Martin, KY",3089
21161,"Mason, KY",11405
21163,"Meade, KY",7617
21165,"Menifee, KY",1755
21167,"Mercer, KY",10195
21169,"Metcalfe, KY",4089
21171,"Monroe, KY",5800
21173,"Montgomery, KY",14022
21175,"Morgan, KY",4734
21177,"Muhlenberg, KY",11362
21179,"Nelson, KY",22796
21181,"Nicholas, KY",2230
21183,"Ohio, KY",10706
21185,"Oldham, KY",27646
21187,"Owen, KY",3194
21189,"Owsley, KY",1211
21191,"Pendleton, KY",4533
21193,"Perry, KY",14088
21195,"Pike, KY",26384
21197,"Powell, KY",4102
21199,"Pulaski, KY",36137
21201,"Robertson, KY",825
21203,"Rockcastle, KY",6083
21205,"Rowan, KY",13218
21207,"Russell, KY",8603
21209,"Scott, KY",34724
21211,"Shelby, KY",25069
21213,"Simpson, KY",12083
21215,"Spencer, KY",4873
21217,"Taylor, KY",16045
21219,"Todd, KY",4995
21221,"Trigg, KY",5174
21223,"Trimble, KY",2366
21225,"Union, KY",6881
21227,"Warren, KY",87324
21229,"Washington, KY",5826
21231,"Wayne, KY",8257
21233,"Webster, KY",4778
21235,"Whitley, KY",16580
21237,"Wolfe, KY",2051
21239,"Woodford, KY",15163
22001,"Acadia, LA",24374
22003,"Allen, LA",10582
22005,"Ascension, LA",66409
22007,"Assumption, LA",6847
22009,"Avoyelles, LA",15739
22011,"Beauregard, LA",13452
22013,"Bienville, LA",6041
22015,"Bossier, LA",68595
22017,"Caddo, LA",159289
22019,"Calcasieu, LA",132784
22021,"Caldwell, LA",3745
22023,"Cameron, LA",10565
22025,"Catahoula, LA",3710
22027,"Claiborne, LA",5574
22029,"Concordia, LA",8256
22031,"De Soto, LA",11491
22033,"East Baton Rouge, LA",354142
22035,"East Carroll, LA",2817
22037,"East Feliciana, LA",8197
22039,"Evangeline, LA",11704
22041,"Franklin, LA",8655
22043,"Grant, LA",5657
22045,"Iberia, LA",38385
22047,"Iberville, LA",20060
22049,"Jackson, LA",5346
22051,"Jefferson, LA",285192
22053,"Jefferson Davis, LA",12949
22055,"Lafayette, LA",186853
22057,"Lafourche, LA",49472
22059,"LaSalle, LA",6511
22061,"Lincoln, LA",27651
22063,"Livingston, LA",48599
22065,"Madison, LA",4997
22067,"Morehouse, LA",10059
22069,"Natchitoches, LA",19613
22071,"Orleans, LA",294651
22073,"Ouachita, LA",97703
22075,"Plaquemines, LA",17375
22077,"Pointe Coupee, LA",9469
22079,"Rapides, LA",75667
22081,"Red River, LA",3984
22083,"Richland, LA",9682
22085,"Sabine, LA",8564
22087,"St. Bernard, LA",17253
22089,"St. Charles, LA",32054
22091,"St. Helena, LA",3561
22093,"St. James, LA",10606
22095,"St. John the Baptist, LA",20488
22097,"St. Landry, LA",36388
22099,"St. Martin, LA",20073
22101,"St. Mary, LA",28688
22103,"St. Tammany, LA",145291
22105,"Tangipahoa, LA",65972
22107,"Tensas, LA",1813
22109,"Terrebonne, LA",66877
22111,"Union, LA",8331
22113,"Vermilion, LA",22491
22115,"Vernon, LA",25241
22117,"Washington, LA",17394
22119,"Webster, LA",17009
22121,"West Baton Rouge, LA",16379
22123,"West Carroll, LA",3798
22125,"West Feliciana, LA",7875
22127,"Winn, LA",6191
23001,"Androscoggin, ME",63892
23003,"Aroostook, ME",35587
23005,"Cumberland, ME",257999
23007,"Franklin, ME",15955
23009,"Hancock, ME",37023
23011,"Kennebec, ME",79271
23013,"Knox, ME",28366
23015,"Lincoln, ME",19432
23017,"Oxford, ME",25426
23019,"Penobscot, ME",93239
23021,"Piscataquis, ME",7903
23023,"Sagadahoc, ME",22628
23025,"Somerset, ME",22811
23027,"Waldo, ME",19406
23029,"Washington, ME",16881
23031,"York, ME",110483
24001,"Allegany, MD",36471
24003,"Anne Arundel, MD",421962
24005,"Baltimore, MD",540482
24009,"Calvert, MD",36321
24011,"Caroline, MD",15289
24013,"Carroll, MD",85623
24015,"Cecil, MD",45792
24017,"Charles, MD",66859
24019,"Dorchester, MD",16683
24021,"Frederick, MD",151863
24023,"Garrett, MD",17805
24025,"Harford, MD",133666
24027,"Howard, MD",243697
24029,"Kent, MD",12226
24031,"Montgomery, MD",734999
24033,"Prince George's, MD",495388
24035,"Queen Anne's, MD",26046
24037,"St. Mary's, MD",64287
24039,"Somerset, MD",9777
24041,"Talbot, MD",28748
24043,"Washington, MD",85849
24045,"Wicomico, MD",59782
24047,"Worcester, MD",36548
24510,"Baltimore (Independent City), MD",437767
25001,"Barnstable, MA",155594
25003,"Berkshire, MA",86326
25005,"Bristol, MA",308989
25007,"Dukes, MA",18027
25009,"Essex, MA",475019
25011,"Franklin, MA",40543
25013,"Hampden, MA",275777
25015,"Hampshire, MA",100356
25017,"Middlesex, MA",1297526
25019,"Nantucket, MA",13060
25021,"Norfolk, MA",503794
25023,"Plymouth, MA",288859
25025,"Suffolk, MA",888270
25027,"Worcester, MA",484611
26001,"Alcona, MI",3341
26003,"Alger, MI",3590
26005,"Allegan, MI",57203
26007,"Alpena, MI",15610
26009,"Antrim, MI",9694
26011,"Arenac, MI",6531
26013,"Baraga, MI",3581
26015,"Barry, MI",21175
26017,"Bay, MI",47440
26019,"Benzie, MI",7774
26021,"Berrien, MI",83526
26023,"Branch, MI",19839
26025,"Calhoun, MI",69503
26027,"Cass, MI",15933
26029,"Charlevoix, MI",15677
26031,"Cheboygan, MI",10274
26033,"Chippewa, MI",16460
26035,"Clare, MI",10674
26037,"Clinton, MI",27994
26039,"Crawford, MI",5723
26041,"Delta, MI",18784
26043,"Dickinson, MI",17015
26045,"Eaton, MI",56582
26047,"Emmet, MI",26546
26049,"Genesee, MI",190303
26051,"Gladwin, MI",7612
26053,"Gogebic, MI",7190
26055,"Grand Traverse, MI",72248
26057,"Gratiot, MI",17905
26059,"Hillsdale, MI",19074
26061,"Houghton, MI",16438
26063,"Huron, MI",16869
26065,"Ingham, MI",193454
26067,"Ionia, MI",27347
26069,"Iosco, MI",11413
26071,"Iron, MI",5271
26073,"Isabella, MI",38751
26075,"Jackson, MI",75844
26077,"Kalamazoo, MI",159623
26079,"Kalkaska, MI",6702
26081,"Kent, MI",518002
26083,"Keweenaw, MI",771
26085,"Lake, MI",3051
26087,"Lapeer, MI",34050
26089,"Leelanau, MI",13038
26091,"Lenawee, MI",38465
26093,"Livingston, MI",94926
26095,"Luce, MI",2425
26097,"Mackinac, MI",6349
26099,"Macomb, MI",459194
26101,"Manistee, MI",10834
26103,"Marquette, MI",35433
26105,"Mason, MI",14818
26107,"Mecosta, MI",18638
26109,"Menominee, MI",10231
26111,"Midland, MI",48064
26113,"Missaukee, MI",5964
26115,"Monroe, MI",57697
26117,"Montcalm, MI",23951
26119,"Montmorency, MI",3308
26121,"Muskegon, MI",80904
26123,"Newaygo, MI",18662
26125,"Oakland, MI",1023265
26127,"Oceana, MI",10965
26129,"Ogemaw, MI",8535
26131,"Ontonagon, MI",2069
26133,"Osceola, MI",10760
26135,"Oscoda, MI",2918
26137,"Otsego, MI",14825
26139,"Ottawa, MI",172354
26141,"Presque Isle, MI",4564
26143,"Roscommon, MI",8405
26145,"Saginaw, MI",108305
26147,"St. Clair, MI",66644
26149,"St. Joseph, MI",27773
26151,"Sanilac, MI",17645
26153,"Schoolcraft, MI",3630
26155,"Shiawassee, MI",25008
26157,"Tuscola, MI",19114
26159,"Van Buren, MI",31853
26161,"Washtenaw, MI",278183
26163,"Wayne, MI",981866
26165,"Wexford, MI",18862
27001,"Aitkin, MN",6555
27003,"Anoka, MN",174483
27005,"Becker, MN",21311
27007,"Beltrami, MN",27007
27009,"Benton, MN",23732
27011,"Big Stone, MN",2756
27013,"Blue Earth, MN",51573
27015,"Brown, MN",18503
27017,"Carlton, MN",17645
27019,"Carver, MN",59713
27021,"Cass, MN",16261
27023,"Chippewa, MN",8152
27025,"Chisago, MN",23161
27027,"Clay, MN",29878
27029,"Clearwater, MN",4354
27031,"Cook, MN",4273
27033,"Cottonwood, MN",7586
27035,"Crow Wing, MN",41458
27037,"Dakota, MN",258521
27039,"Dodge, MN",9462
27041,"Douglas, MN",27522
27043,"Faribault, MN",7289
27045,"Fillmore, MN",10835
27047,"Freeborn, MN",17039
27049,"Goodhue, MN",29890
27051,"Grant, MN",3446
27053,"Hennepin, MN",1204282
27055,"Houston, MN",8878
27057,"Hubbard, MN",9721
27059,"Isanti, MN",16649
27061,"Itasca, MN",22224
27063,"Jackson, MN",7782
27065,"Kanabec, MN",6342
27067,"Kandiyohi, MN",31327
27069,"Kittson, MN",2720
27071,"Koochiching, MN",6234
27073,"Lac qui Parle, MN",4255
27075,"Lake, MN",6025
27077,"Lake of the Woods, MN",2572
27079,"Le Sueur, MN",13820
27081,"Lincoln, MN",3283
27083,"Lyon, MN",19135
27085,"McLeod, MN",21913
27087,"Mahnomen, MN",2770
27089,"Marshall, MN",4518
27091,"Martin, MN",12574
27093,"Meeker, MN",11771
27095,"Mille Lacs, MN",13467
27097,"Morrison, MN",17399
27099,"Mower, MN",21538
27101,"Murray, MN",5312
27103,"Nicollet, MN",21443
27105,"Nobles, MN",13875
27107,"Norman, MN",3196
27109,"Olmsted, MN",124031
27111,"Otter Tail, MN",35310
27113,"Pennington, MN",12937
27115,"Pine, MN",12456
27117,"Pipestone, MN",6715
27119,"Polk, MN",17900
27121,"Pope, MN",7373
27123,"Ramsey, MN",424967
27125,"Red Lake, MN",1832
27127,"Redwood, MN",9475
27129,"Renville, MN",8806
27131,"Rice, MN",35628
27133,"Rock, MN",5663
27135,"Roseau, MN",11066
27137,"St. Louis, MN",125435
27139,"Scott, MN",78443
27141,"Sherburne, MN",38780
27143,"Sibley, MN",6840
27145,"Stearns, MN",116438
27147,"Steele, MN",27768
27149,"Stevens, MN",7074
27151,"Swift, MN",5688
27153,"Todd, MN",11389
27155,"Traverse, MN",2219
27157,"Wabasha, MN",10746
27159,"Wadena, MN",8154
27161,"Waseca, MN",9036
27163,"Washington, MN",126143
27165,"Watonwan, MN",6345
27167,"Wilkin, MN",3208
27169,"Winona, MN",32463
27171,"Wright, MN",65292
27173,"Yellow Medicine, MN",6447
28001,"Adams, MS",16146
28003,"Alcorn, MS",19910
28005,"Amite, MS",4134
28007,"Attala, MS",7226
28009,"Benton, MS",2240
28011,"Bolivar, MS",15864
28013,"Calhoun, MS",5542
28015,"Carroll, MS",3214
28017,"Chickasaw, MS",7847
28019,"Choctaw, MS",3731
28021,"Claiborne, MS",4984
28023,"Clarke, MS",5219
28025,"Clay, MS",8623
28027,"Coahoma, MS",11114
28029,"Copiah, MS",11020
28031,"Covington, MS",8439
28033,"DeSoto, MS",94380
28035,"Forrest, MS",54812
28037,"Franklin, MS",2819
28039,"George, MS",7922
28041,"Greene, MS",3535
28043,"Grenada, MS",13977
28045,"Hancock, MS",21749
28047,"Harrison, MS",126066
28049,"Hinds, MS",169149
28051,"Holmes, MS",6298
28053,"Humphreys, MS",3819
28055,"Issaquena, MS",466
28057,"Itawamba, MS",8467
28059,"Jackson, MS",68191
28061,"Jasper, MS",6451
28063,"Jefferson, MS",2294
28065,"Jefferson Davis, MS",3466
28067,"Jones, MS",38298
28069,"Kemper, MS",3631
28071,"Lafayette, MS",37139
28073,"Lamar, MS",30237
28075,"Lauderdale, MS",45232
28077,"Lawrence, MS",4209
28079,"Leake, MS",8229
28081,"Lee, MS",70019
28083,"Leflore, MS",19229
28085,"Lincoln, MS",18451
28087,"Lowndes, MS",36139
28089,"Madison, MS",86051
28091,"Marion, MS",12111
28093,"Marshall, MS",13495
28095,"Monroe, MS",14368
28097,"Montgomery, MS",3808
28099,"Neshoba, MS",16151
28101,"Newton, MS",8695
28103,"Noxubee, MS",4791
28105,"Oktibbeha, MS",29983
28107,"Panola, MS",15908
28109,"Pearl River, MS",18498
28111,"Perry, MS",3632
28113,"Pike, MS",21305
28115,"Pontotoc, MS",17819
28117,"Prentiss, MS",10767
28119,"Quitman, MS",2272
28121,"Rankin, MS",92696
28123,"Scott, MS",17148
28125,"Sharkey, MS",2085
28127,"Simpson, MS",11334
28129,"Smith, MS",5195
28131,"Stone, MS",7049
28133,"Sunflower, MS",11601
28135,"Tallahatchie, MS",4853
28137,"Tate, MS",10086
28139,"Tippah, MS",10035
28141,"Tishomingo, MS",8848
28143,"Tunica, MS",8990
28145,"Union, MS",15747
28147,"Walthall, MS",4817
28149,"Warren, MS",26160
28151,"Washington, MS",22878
28153,"Wayne, MS",8433
28155,"Webster, MS",3863
28157,"Wilkinson, MS",3120
28159,"Winston, MS",8018
28161,"Yalobusha, MS",4669
28163,"Yazoo, MS",10224
29001,"Adair, MO",14793
29003,"Andrew, MO",5861
29005,"Atchison, MO",2835
29007,"Audrain, MO",12788
29009,"Barry, MO",20607
29011,"Barton, MO",5636
29013,"Bates, MO",6994
29015,"Benton, MO",6994
29017,"Bollinger, MO",4057
29019,"Boone, MO",131932
29021,"Buchanan, MO",58254
29023,"Butler, MO",24457
29025,"Caldwell, MO",3936
29027,"Callaway, MO",21401
29029,"Camden, MO",25163
29031,"Cape Girardeau, MO",56484
29033,"Carroll, MO",4852
29035,"Carter, MO",2536
29037,"Cass, MO",42441
29039,"Cedar, MO",5814
29041,"Chariton, MO",4110
29043,"Christian, MO",32995
29045,"Clark, MO",2864
29047,"Clay, MO",142099
29049,"Clinton, MO",7417
29051,"Cole, MO",67332
29053,"Cooper, MO",8315
29055,"Crawford, MO",10430
29057,"Dade, MO",3401
29059,"Dallas, MO",5642
29061,"Daviess, MO",4072
29063,"DeKalb, MO",5076
29065,"Dent, MO",6433
29067,"Douglas, MO",5041
29069,"Dunklin, MO",13344
29071,"Franklin, MO",56062
29073,"Gasconade, MO",8599
29075,"Gentry, MO",3975
29077,"Greene, MO",225975
29079,"Grundy, MO",5143
29081,"Harrison, MO",4626
29083,"Henry, MO",10998
29085,"Hickory, MO",2932
29087,"Holt, MO",2497
29089,"Howard, MO",4746
29091,"Howell, MO",22184
29093,"Iron, MO",4739
29095,"Jackson, MO",489550
29097,"Jasper, MO",75360
29099,"Jefferson, MO",74992
29101,"Johnson, MO",27653
29103,"Knox, MO",2293
29105,"Laclede, MO",19761
29107,"Lafayette, MO",13930
29109,"Lawrence, MO",15036
29111,"Lewis, MO",4437
29113,"Lincoln, MO",20171
29115,"Linn, MO",6569
29117,"Livingston, MO",9393
29119,"McDonald, MO",10183
29121,"Macon, MO",8552
29123,"Madison, MO",5526
29125,"Maries, MO",3122
29127,"Marion, MO",18022
29129,"Mercer, MO",1795
29131,"Miller, MO",11488
29133,"Mississippi, MO",5012
29135,"Moniteau, MO",7100
29137,"Monroe, MO",3881
29139,"Montgomery, MO",5289
29141,"Morgan, MO",8272
29143,"New Madrid, MO",9464
29145,"Newton, MO",29584
29147,"Nodaway, MO",12299
29149,"Oregon, MO",4435
29151,"Osage, MO",7382
29153,"Ozark, MO",3327
29155,"Pemiscot, MO",7255
29157,"Perry, MO",13363
29159,"Pettis, MO",26359
29161,"Phelps, MO",25360
29163,"Pike, MO",8253
29165,"Platte, MO",67266
29167,"Polk, MO",14651
29169,"Pulaski, MO",29129
29171,"Putnam, MO",2374
29173,"Ralls, MO",5636
29175,"Randolph, MO",13135
29177,"Ray, MO",7583
29179,"Reynolds, MO",2907
29181,"Ripley, MO",4634
29183,"St. Charles, MO",213042
29185,"St. Clair, MO",3492
29186,"Ste. Genevieve, MO",8922
29187,"St. Francois, MO",30855
29189,"St. Louis, MO",817180
29195,"Saline, MO",12255
29197,"Schuyler, MO",1613
29199,"Scotland, MO",2616
29201,"Scott, MO",21594
29203,"Shannon, MO",3223
29205,"Shelby, MO",3293
29207,"Stoddard, MO",15740
29209,"Stone, MO",12343
29211,"Sullivan, MO",3874
29213,"Taney, MO",39584
29215,"Texas, MO",9821
29217,"Vernon, MO",10992
29219,"Warren, MO",12644
29221,"Washington, MO",7417
29223,"Wayne, MO",4143
29225,"Webster, MO",14714
29227,"Worth, MO",1063
29229,"Wright, MO",7875
29510,"St. Louis (Independent City), MO",292954
30001,"Beaverhead, MT",6258
30003,"Big Horn, MT",5465
30005,"Blaine, MT",2781
30007,"Broadwater, MT",2794
30009,"Carbon, MT",5853
30011,"Carter, MT",911
30013,"Cascade, MT",51202
30015,"Chouteau, MT",2774
30017,"Custer, MT",7637
30019,"Daniels, MT",1293
30021,"Dawson, MT",5446
30023,"Deer Lodge, MT",4344
30025,"Fallon, MT",2359
30027,"Fergus, MT",7773
30029,"Flathead, MT",68017
30031,"Gallatin, MT",92248
30033,"Garfield, MT",840
30035,"Glacier, MT",5987
30037,"Golden Valley, MT",492
30039,"Granite, MT",1778
30041,"Hill, MT",10224
30043,"Jefferson, MT",4997
30045,"Judith Basin, MT",1288
30047,"Lake, MT",15068
30049,"Lewis and Clark, MT",49807
30051,"Liberty, MT",1149
30053,"Lincoln, MT",9246
30055,"McCone, MT",1247
30057,"Madison, MT",7188
30059,"Meagher, MT",1158
30061,"Mineral, MT",1996
30063,"Missoula, MT",87572
30065,"Musselshell, MT",2222
30067,"Park, MT",10963
30069,"Petroleum, MT",318
30071,"Phillips, MT",2609
30073,"Pondera, MT",2787
30075,"Powder River, MT",1174
30077,"Powell, MT",3818
30079,"Prairie, MT",657
30081,"Ravalli, MT",22252
30083,"Richland, MT",8144
30085,"Roosevelt, MT",5314
30087,"Rosebud, MT",5190
30089,"Sanders, MT",5528
30091,"Sheridan, MT",2431
30093,"Silver Bow, MT",21443
30095,"Stillwater, MT",5731
30097,"Sweet Grass, MT",2793
30099,"Teton, MT",3624
30101,"Toole, MT",3014
30103,"Treasure, MT",371
30105,"Valley, MT",4843
30107,"Wheatland, MT",1074
30109,"Wibaux, MT",641
30111,"Yellowstone, MT",111114
31001,"Adams, NE",21200
31003,"Antelope, NE",4549
31005,"Arthur, NE",311
31007,"Banner, NE",467
31009,"Blaine, NE",364
31011,"Boone, NE",3924
31013,"Box Butte, NE",6853
31015,"Boyd, NE",1189
31017,"Brown, NE",2180
31019,"Buffalo, NE",36981
31021,"Burt, NE",3427
31023,"Butler, NE",4662
31025,"Cass, NE",10471
31027,"Cedar, NE",5141
31029,"Chase, NE",3070
31031,"Cherry, NE",4408
31033,"Cheyenne, NE",6371
31035,"Clay, NE",3922
31037,"Colfax, NE",6757
31039,"Cuming, NE",6346
31041,"Custer, NE",8030
31043,"Dakota, NE",14964
31045,"Dawes, NE",4909
31047,"Dawson, NE",15472
31049,"Deuel, NE",1130
31051,"Dixon, NE",3080
31053,"Dodge, NE",23173
31055,"Douglas, NE",445377
31057,"Dundy, NE",1260
31059,"Fillmore, NE",3753
31061,"Franklin, NE",1599
31063,"Frontier, NE",1670
31065,"Furnas, NE",3062
31067,"Gage, NE",13327
31069,"Garden, NE",1216
31071,"Garfield, NE",1496
31073,"Gosper, NE",1123
31075,"Grant, NE",473
31077,"Greeley, NE",1547
31079,"Hall, NE",44423
31081,"Hamilton, NE",5803
31083,"Harlan, NE",1877
31085,"Hayes, NE",605
31087,"Hitchcock, NE",1519
31089,"Holt, NE",8448
31091,"Hooker, NE",648
31093,"Howard, NE",3318
31095,"Jefferson, NE",4911
31097,"Johnson, NE",2663
31099,"Kearney, NE",3682
31101,"Keith, NE",5475
31103,"Keya Paha, NE",648
31105,"Kimball, NE",2447
31107,"Knox, NE",5331
31109,"Lancaster, NE",228116
31111,"Lincoln, NE",22260
31113,"Logan, NE",437
31115,"Loup, NE",415
31117,"McPherson, NE",295
31119,"Madison, NE",28960
31121,"Merrick, NE",4081
31123,"Morrill, NE",2886
31125,"Nance, NE",1969
31127,"Nemaha, NE",4428
31129,"Nuckolls, NE",2589
31131,"Otoe, NE",9667
31133,"Pawnee, NE",1721
31135,"Perkins, NE",2243
31137,"Phelps, NE",7205
31139,"Pierce, NE",3982
31141,"Platte, NE",25342
31143,"Polk, NE",2858
31145,"Red Willow, NE",7381
31147,"Richardson, NE",4333
31149,"Rock, NE",1148
31151,"Saline, NE",9813
31153,"Sarpy, NE",104605
31155,"Saunders, NE",10491
31157,"Scotts Bluff, NE",23238
31159,"Seward, NE",10176
31161,"Sheridan, NE",3083
31163,"Sherman, NE",1685
31165,"Sioux, NE",748
31167,"Stanton, NE",2775
31169,"Thayer, NE",3569
31171,"Thomas, NE",524
31173,"Thurston, NE",4047
31175,"Valley, NE",3127
31177,"Washington, NE",11537
31179,"Wayne, NE",6175
31181,"Webster, NE",1928
31183,"Wheeler, NE",704
31185,"York, NE",10872
32001,"Churchill, NV",12154
32003,"Clark, NV",1397879
32005,"Douglas, NV",31350
32007,"Elko, NV",28844
32009,"Esmeralda, NV",454
32011,"Eureka, NV",4847
32013,"Humboldt, NV",9999
32015,"Lander, NV",4133
32017,"Lincoln, NV",2343
32019,"Lyon, NV",18350
32021,"Mineral, NV",2171
32023,"Nye, NV",17329
32027,"Pershing, NV",2550
32029,"Storey, NV",18683
32031,"Washoe, NV",305166
32033,"White Pine, NV",5358
32510,"Carson City (Independent City), NV",40470
33001,"Belknap, NH",38896
33003,"Carroll, NH",31987
33005,"Cheshire, NH",45364
33007,"Coos, NH",17086
33009,"Grafton, NH",75238
33011,"Hillsborough, NH",280504
33013,"Merrimack, NH",105609
33015,"Rockingham, NH",219210
33017,"Strafford, NH",70509
33019,"Sullivan, NH",20536
34001,"Atlantic, NJ",171340
34003,"Bergen, NJ",673273
34005,"Burlington, NJ",284329
34007,"Camden, NJ",281567
34009,"Cape May, NJ",63074
34011,"Cumberland, NJ",76424
34013,"Essex, NJ",498871
34015,"Gloucester, NJ",154734
34017,"Hudson, NJ",390536
34019,"Hunterdon, NJ",79058
34021,"Mercer, NJ",298894
34023,"Middlesex, NJ",575818
34025,"Monmouth, NJ",408085
34027,"Morris, NJ",416484
34029,"Ocean, NJ",275266
34031,"Passaic, NJ",248229
34033,"Salem, NJ",28425
34035,"Somerset, NJ",266167
34037,"Sussex, NJ",63118
34039,"Union, NJ",332194
34041,"Warren, NJ",50071
35001,"Bernalillo, NM",439469
35003,"Catron, NM",1662
35005,"Chaves, NM",28961
35006,"Cibola, NM*",10150
35007,"Colfax, NM",6501
35009,"Curry, NM",26451
35011,"De Baca, NM",915
35013,"Do��a Ana, NM",103693
35015,"Eddy, NM",42425
35017,"Grant, NM",12906
35019,"Guadalupe, NM",2184
35021,"Harding, NM",443
35023,"Hidalgo, NM",2153
35025,"Lea, NM",42996
35027,"Lincoln, NM",10792
35028,"Los Alamos, NM",20420
35029,"Luna, NM",9631
35031,"McKinley, NM",29264
35033,"Mora, NM",1792
35035,"Otero, NM",28959
35037,"Quay, NM",4090
35039,"Rio Arriba, NM",15394
35041,"Roosevelt, NM",8196
35043,"Sandoval, NM",50037
35045,"San Juan, NM",60719
35047,"San Miguel, NM",11736
35049,"Santa Fe, NM",96346
35051,"Sierra, NM",4980
35053,"Socorro, NM",7793
35055,"Taos, NM",18109
35057,"Torrance, NM",5337
35059,"Union, NM",2285
35061,"Valencia, NM*",23829
36001,"Albany, NY",282482
36003,"Allegany, NY",18788
36005,"Bronx, NY",488569
36007,"Broome, NY",108118
36009,"Cattaraugus, NY",37738
36011,"Cayuga, NY",34562
36013,"Chautauqua, NY",63953
36015,"Chemung, NY",43630
36017,"Chenango, NY",23752
36019,"Clinton, NY",43721
36021,"Columbia, NY",33453
36023,"Cortland, NY",23892
36025,"Delaware, NY",22242
36027,"Dutchess, NY",157724
36029,"Erie, NY",588739
36031,"Essex, NY",21029
36033,"Franklin, NY",24097
36035,"Fulton, NY",22053
36037,"Genesee, NY",29996
36039,"Greene, NY",21477
36041,"Hamilton, NY",2671
36043,"Herkimer, NY",23858
36045,"Jefferson, NY",67287
36047,"Kings, NY",1234369
36049,"Lewis, NY",10208
36051,"Livingston, NY",28171
36053,"Madison, NY",31206
36055,"Monroe, NY",499626
36057,"Montgomery, NY",24782
36059,"Nassau, NY",927086
36061,"New York, NY",3194962
36063,"Niagara, NY",93966
36065,"Oneida, NY",133794
36067,"Onondaga, NY",315100
36069,"Ontario, NY",69084
36071,"Orange, NY",202366
36073,"Orleans, NY",16071
36075,"Oswego, NY",44902
36077,"Otsego, NY",33496
36079,"Putnam, NY",42505
36081,"Queens, NY",1084892
36083,"Rensselaer, NY",73964
36085,"Richmond, NY",190400
36087,"Rockland, NY",181419
36089,"St. Lawrence, NY",47484
36091,"Saratoga, NY",128813
36093,"Schenectady, NY",80756
36095,"Schoharie, NY",13120
36097,"Schuyler, NY",7659
36099,"Seneca, NY",16882
36101,"Steuben, NY",49428
36103,"Suffolk, NY",909759
36105,"Sullivan, NY",38927
36107,"Tioga, NY",19505
36109,"Tompkins, NY",69392
36111,"Ulster, NY",92527
36113,"Warren, NY",48398
36115,"Washington, NY",23386
36117,"Wayne, NY",38406
36119,"Westchester, NY",642267
36121,"Wyoming, NY",18483
36123,"Yates, NY",12187
37001,"Alamance, NC",86304
37003,"Alexander, NC",14130
37005,"Alleghany, NC",5785
37007,"Anson, NC",10111
37009,"Ashe, NC",13011
37011,"Avery, NC",10339
37013,"Beaufort, NC",22055
37015,"Bertie, NC",7971
37017,"Bladen, NC",17444
37019,"Brunswick, NC",54803
37021,"Buncombe, NC",193689
37023,"Burke, NC",40060
37025,"Cabarrus, NC",108734
37027,"Caldwell, NC",34881
37029,"Camden, NC",2610
37031,"Carteret, NC",37275
37033,"Caswell, NC",5594
37035,"Catawba, NC",112831
37037,"Chatham, NC",28656
37039,"Cherokee, NC",12287
37041,"Chowan, NC",6906
37043,"Clay, NC",3911
37045,"Cleveland, NC",47503
37047,"Columbus, NC",22826
37049,"Craven, NC",60371
37051,"Cumberland, NC",207699
37053,"Currituck, NC",11723
37055,"Dare, NC",30272
37057,"Davidson, NC",66550
37059,"Davie, NC",19523
37061,"Duplin, NC",25210
37063,"Durham, NC",277940
37065,"Edgecombe, NC",21125
37067,"Forsyth, NC",254204
37069,"Franklin, NC",21498
37071,"Gaston, NC",102611
37073,"Gates, NC",2854
37075,"Graham, NC",3403
37077,"Granville, NC",28277
37079,"Greene, NC",6700
37081,"Guilford, NC",385402
37083,"Halifax, NC",21093
37085,"Harnett, NC",41703
37087,"Haywood, NC",27382
37089,"Henderson, NC",58580
37091,"Hertford, NC",11684
37093,"Hoke, NC",14145
37095,"Hyde, NC",3246
37097,"Iredell, NC",106095
37099,"Jackson, NC",24494
37101,"Johnston, NC",80719
37103,"Jones, NC",2924
37105,"Lee, NC",34095
37107,"Lenoir, NC",36474
37109,"Lincoln, NC",36425
37111,"McDowell, NC",20781
37113,"Macon, NC",17801
37115,"Madison, NC",8228
37117,"Martin, NC",9696
37119,"Mecklenburg, NC",956523
37121,"Mitchell, NC",6932
37123,"Montgomery, NC",12602
37125,"Moore, NC",54678
37127,"Nash, NC",53830
37129,"New Hanover, NC",166612
37131,"Northampton, NC",7393
37133,"Onslow, NC",114581
37135,"Orange, NC",108020
37137,"Pamlico, NC",5100
37139,"Pasquotank, NC",21921
37141,"Pender, NC",21852
37143,"Perquimans, NC",4114
37145,"Person, NC",14499
37147,"Pitt, NC",103958
37149,"Polk, NC",8794
37151,"Randolph, NC",65020
37153,"Richmond, NC",18092
37155,"Robeson, NC",53573
37157,"Rockingham, NC",35965
37159,"Rowan, NC",68158
37161,"Rutherford, NC",27052
37163,"Sampson, NC",26220
37165,"Scotland, NC",15562
37167,"Stanly, NC",27387
37169,"Stokes, NC",13717
37171,"Surry, NC",40159
37173,"Swain, NC",8679
37175,"Transylvania, NC",15767
37177,"Tyrrell, NC",1657
37179,"Union, NC",103114
37181,"Vance, NC",19253
37183,"Wake, NC",801264
37185,"Warren, NC",5143
37187,"Washington, NC",4269
37189,"Watauga, NC",35427
37191,"Wayne, NC",60002
37193,"Wilkes, NC",30730
37195,"Wilson, NC",47725
37197,"Yadkin, NC",15079
37199,"Yancey, NC",7535
38001,"Adams, ND",1713
38003,"Barnes, ND",7166
38005,"Benson, ND",3128
38007,"Billings, ND",961
38009,"Bottineau, ND",4515
38011,"Bowman, ND",2466
38013,"Burke, ND",1448
38015,"Burleigh, ND",75120
38017,"Cass, ND",153770
38019,"Cavalier, ND",2873
38021,"Dickey, ND",3213
38023,"Divide, ND",1647
38025,"Dunn, ND",3615
38027,"Eddy, ND",1428
38029,"Emmons, ND",2081
38031,"Foster, ND",2518
38033,"Golden Valley, ND",1233
38035,"Grand Forks, ND",54349
38037,"Grant, ND",1390
38039,"Griggs, ND",1708
38041,"Hettinger, ND",1701
38043,"Kidder, ND",1563
38045,"LaMoure, ND",2641
38047,"Logan, ND",1369
38049,"McHenry, ND",2947
38051,"McIntosh, ND",1885
38053,"McKenzie, ND",15614
38055,"McLean, ND",5784
38057,"Mercer, ND",5839
38059,"Morton, ND",17738
38061,"Mountrail, ND",8241
38063,"Nelson, ND",2054
38065,"Oliver, ND",1270
38067,"Pembina, ND",5197
38069,"Pierce, ND",2897
38071,"Ramsey, ND",8364
38073,"Ransom, ND",3370
38075,"Renville, ND",1409
38077,"Richland, ND",11027
38079,"Rolette, ND",6082
38081,"Sargent, ND",4699
38083,"Sheridan, ND",819
38085,"Sioux, ND",2002
38087,"Slope, ND",510
38089,"Stark, ND",27158
38091,"Steele, ND",1225
38093,"Stutsman, ND",14664
38095,"Towner, ND",1611
38097,"Traill, ND",5174
38099,"Walsh, ND",7250
38101,"Ward, ND",49084
38103,"Wells, ND",2830
38105,"Williams, ND",36544
39001,"Adams, OH",10601
39003,"Allen, OH",63768
39005,"Ashland, OH",27463
39007,"Ashtabula, OH",43214
39009,"Athens, OH",31342
39011,"Auglaize, OH",28926
39013,"Belmont, OH",30083
39015,"Brown, OH",14016
39017,"Butler, OH",210977
39019,"Carroll, OH",10357
39021,"Champaign, OH",15975
39023,"Clark, OH",62218
39025,"Clermont, OH",87682
39027,"Clinton, OH",24015
39029,"Columbiana, OH",42964
39031,"Coshocton, OH",15761
39033,"Crawford, OH",17848
39035,"Cuyahoga, OH",954177
39037,"Darke, OH",27005
39039,"Defiance, OH",20712
39041,"Delaware, OH",131836
39043,"Erie, OH",47708
39045,"Fairfield, OH",66198
39047,"Fayette, OH",14462
39049,"Franklin, OH",1009972
39051,"Fulton, OH",24739
39053,"Gallia, OH",15606
39055,"Geauga, OH",57663
39057,"Greene, OH",105199
39059,"Guernsey, OH",20768
39061,"Hamilton, OH",667463
39063,"Hancock, OH",57336
39065,"Hardin, OH",12236
39067,"Harrison, OH",5692
39069,"Henry, OH",15018
39071,"Highland, OH",17018
39073,"Hocking, OH",10244
39075,"Holmes, OH",31099
39077,"Huron, OH",29082
39079,"Jackson, OH",13631
39081,"Jefferson, OH",27637
39083,"Knox, OH",31473
39085,"Lake, OH",129145
39087,"Lawrence, OH",18971
39089,"Licking, OH",89268
39091,"Logan, OH",25845
39093,"Lorain, OH",136186
39095,"Lucas, OH",268475
39097,"Madison, OH",23876
39099,"Mahoning, OH",132164
39101,"Marion, OH",31833
39103,"Medina, OH",89805
39105,"Meigs, OH",6420
39107,"Mercer, OH",27695
39109,"Miami, OH",56133
39111,"Monroe, OH",5861
39113,"Montgomery, OH",331357
39115,"Morgan, OH",4770
39117,"Morrow, OH",10874
39119,"Muskingum, OH",45273
39121,"Noble, OH",4846
39123,"Ottawa, OH",20549
39125,"Paulding, OH",7294
39127,"Perry, OH",11173
39129,"Pickaway, OH",20915
39131,"Pike, OH",13148
39133,"Portage, OH",80372
39135,"Preble, OH",16404
39137,"Putnam, OH",17887
39139,"Richland, OH",65105
39141,"Ross, OH",38322
39143,"Sandusky, OH",32608
39145,"Scioto, OH",31818
39147,"Seneca, OH",27220
39149,"Shelby, OH",34455
39151,"Stark, OH",212422
39153,"Summit, OH",353428
39155,"Trumbull, OH",90769
39157,"Tuscarawas, OH",50939
39159,"Union, OH",43652
39161,"Van Wert, OH",15894
39163,"Vinton, OH",3783
39165,"Warren, OH",134175
39167,"Washington, OH",34884
39169,"Wayne, OH",70841
39171,"Williams, OH",22975
39173,"Wood, OH",88383
39175,"Wyandot, OH",12934
40001,"Adair, OK",7887
40003,"Alfalfa, OK",3108
40005,"Atoka, OK",6271
40007,"Beaver, OK",3503
40009,"Beckham, OK",14344
40011,"Blaine, OK",5678
40013,"Bryan, OK",26747
40015,"Caddo, OK",11993
40017,"Canadian, OK",61387
40019,"Carter, OK",32332
40021,"Cherokee, OK",21382
40023,"Choctaw, OK",6770
40025,"Cimarron, OK",1694
40027,"Cleveland, OK",133809
40029,"Coal, OK",2800
40031,"Comanche, OK",66557
40033,"Cotton, OK",2782
40035,"Craig, OK",8056
40037,"Creek, OK",30458
40039,"Custer, OK",18985
40041,"Delaware, OK",15334
40043,"Dewey, OK",3548
40045,"Ellis, OK",2597
40047,"Garfield, OK",37423
40049,"Garvin, OK",15939
40051,"Grady, OK",22433
40053,"Grant, OK",2951
40055,"Greer, OK",2020
40057,"Harmon, OK",1318
40059,"Harper, OK",2100
40061,"Haskell, OK",5719
40063,"Hughes, OK",5341
40065,"Jackson, OK",14633
40067,"Jefferson, OK",2312
40069,"Johnston, OK",4743
40071,"Kay, OK",24305
40073,"Kingfisher, OK",12029
40075,"Kiowa, OK",3533
40077,"Latimer, OK",4464
40079,"Le Flore, OK",19398
40081,"Lincoln, OK",13490
40083,"Logan, OK",16950
40085,"Love, OK",7837
40087,"McClain, OK",17771
40089,"McCurtain, OK",17015
40091,"McIntosh, OK",7508
40093,"Major, OK",4878
40095,"Marshall, OK",7028
40097,"Mayes, OK",19028
40099,"Murray, OK",8144
40101,"Muskogee, OK",40841
40103,"Noble, OK",7271
40105,"Nowata, OK",3798
40107,"Okfuskee, OK",4771
40109,"Oklahoma, OK",631438
40111,"Okmulgee, OK",14980
40113,"Osage, OK",13826
40115,"Ottawa, OK",16540
40117,"Pawnee, OK",6344
40119,"Payne, OK",49242
40121,"Pittsburg, OK",23150
40123,"Pontotoc, OK",26651
40125,"Pottawatomie, OK",33681
40127,"Pushmataha, OK",4899
40129,"Roger Mills, OK",2422
40131,"Rogers, OK",43068
40133,"Seminole, OK",11219
40135,"Sequoyah, OK",15292
40137,"Stephens, OK",23031
40139,"Texas, OK",12421
40141,"Tillman, OK",3060
40143,"Tulsa, OK",488527
40145,"Wagoner, OK",21051
40147,"Washington, OK",27097
40149,"Washita, OK",4622
40151,"Woods, OK",5813
40153,"Woodward, OK",13407
41001,"Baker, OR",8779
41003,"Benton, OR",53199
41005,"Clackamas, OR",242869
41007,"Clatsop, OR",25936
41009,"Columbia, OR",18062
41011,"Coos, OR",32581
41013,"Crook, OR",10257
41015,"Curry, OR",10693
41017,"Deschutes, OR",127797
41019,"Douglas, OR",53339
41021,"Gilliam, OR",1510
41023,"Grant, OR",3968
41025,"Harney, OR",4408
41027,"Hood River, OR",18750
41029,"Jackson, OR",127649
41031,"Jefferson, OR",9869
41033,"Josephine, OR",40997
41035,"Klamath, OR",31650
41037,"Lake, OR",3963
41039,"Lane, OR",216272
41041,"Lincoln, OR",26869
41043,"Linn, OR",64277
41045,"Malheur, OR",17532
41047,"Marion, OR",199894
41049,"Morrow, OR",8281
41051,"Multnomah, OR",684065
41053,"Polk, OR",32302
41055,"Sherman, OR",1545
41057,"Tillamook, OR",14401
41059,"Umatilla, OR",40556
41061,"Union, OR",14898
41063,"Wallowa, OR",5066
41065,"Wasco, OR",14744
41067,"Washington, OR",398039
41069,"Wheeler, OR",784
41071,"Yamhill, OR",53823
42001,"Adams, PA",49506
42003,"Allegheny, PA",931253
42005,"Armstrong, PA",24677
42007,"Beaver, PA",77666
42009,"Bedford, PA",23060
42011,"Berks, PA",232853
42013,"Blair, PA",75728
42015,"Bradford, PA",32502
42017,"Bucks, PA",388640
42019,"Butler, PA",119944
42021,"Cambria, PA",66018
42023,"Cameron, PA",2344
42025,"Carbon, PA",23341
42027,"Centre, PA",116024
42029,"Chester, PA",367049
42031,"Clarion, PA",19418
42033,"Clearfield, PA",40140
42035,"Clinton, PA",18587
42037,"Columbia, PA",34770
42039,"Crawford, PA",42856
42041,"Cumberland, PA",181816
42043,"Dauphin, PA",234540
42045,"Delaware, PA",333171
42047,"Elk, PA",18257
42049,"Erie, PA",159017
42051,"Fayette, PA",54247
42053,"Forest, PA",2799
42055,"Franklin, PA",81956
42057,"Fulton, PA",8174
42059,"Greene, PA",17931
42061,"Huntingdon, PA",18620
42063,"Indiana, PA",43274
42065,"Jefferson, PA",22583
42067,"Juniata, PA",11061
42069,"Lackawanna, PA",127104
42071,"Lancaster, PA",347010
42073,"Lawrence, PA",40446
42075,"Lebanon, PA",69994
42077,"Lehigh, PA",251625
42079,"Luzerne, PA",187092
42081,"Lycoming, PA",68472
42083,"McKean, PA",19964
42085,"Mercer, PA",60767
42087,"Mifflin, PA",22377
42089,"Monroe, PA",80089
42091,"Montgomery, PA",699067
42093,"Montour, PA",18647
42095,"Northampton, PA",164897
42097,"Northumberland, PA",37752
42099,"Perry, PA",14495
42101,"Philadelphia, PA",946196
42103,"Pike, PA",19426
42105,"Potter, PA",8273
42107,"Schuylkill, PA",64501
42109,"Snyder, PA",22652
42111,"Somerset, PA",34485
42113,"Sullivan, PA",2719
42115,"Susquehanna, PA",16768
42117,"Tioga, PA",19482
42119,"Union, PA",24361
42121,"Venango, PA",24152
42123,"Warren, PA",20028
42125,"Washington, PA",122868
42127,"Wayne, PA",23464
42129,"Westmoreland, PA",183924
42131,"Wyoming, PA",13708
42133,"York, PA",243152
44001,"Bristol, RI",24013
44003,"Kent, RI",103310
44005,"Newport, RI",60897
44007,"Providence, RI",386278
44009,"Washington, RI",82029
45001,"Abbeville, SC",8777
45003,"Aiken, SC",85538
45005,"Allendale, SC",3770
45007,"Anderson, SC",92500
45009,"Bamberg, SC",5748
45011,"Barnwell, SC",8256
45013,"Beaufort, SC",116237
45015,"Berkeley, SC",87415
45017,"Calhoun, SC",6774
45019,"Charleston, SC",368450
45021,"Cherokee, SC",26753
45023,"Chester, SC",13246
45025,"Chesterfield, SC",20265
45027,"Clarendon, SC",11447
45029,"Colleton, SC",16916
45031,"Darlington, SC",28405
45033,"Dillon, SC",12129
45035,"Dorchester, SC",58565
45037,"Edgefield, SC",8911
45039,"Fairfield, SC",8443
45041,"Florence, SC",89497
45043,"Georgetown, SC",35751
45045,"Greenville, SC",379191
45047,"Greenwood, SC",37780
45049,"Hampton, SC",7134
45051,"Horry, SC",191293
45053,"Jasper, SC",14594
45055,"Kershaw, SC",26690
45057,"Lancaster, SC",37843
45059,"Laurens, SC",29075
45061,"Lee, SC",5643
45063,"Lexington, SC",166971
45065,"McCormick, SC",2832
45067,"Marion, SC",10321
45069,"Marlboro, SC",9173
45071,"Newberry, SC",19067
45073,"Oconee, SC",34783
45075,"Orangeburg, SC",40434
45077,"Pickens, SC",53635
45079,"Richland, SC",301583
45081,"Saluda, SC",7346
45083,"Spartanburg, SC",192272
45085,"Sumter, SC",56314
45087,"Union, SC",10846
45089,"Williamsburg, SC",12289
45091,"York, SC",140634
46003,"Aurora, SD",1718
46005,"Beadle, SD",11831
46007,"Bennett, SD",1428
46009,"Bon Homme, SD",3208
46011,"Brookings, SD",25318
46013,"Brown, SD",29097
46015,"Brule, SD",3422
46017,"Buffalo, SD",668
46019,"Butte, SD",5262
46021,"Campbell, SD",933
46023,"Charles Mix, SD",5490
46025,"Clark, SD",2174
46027,"Clay, SD",9398
46029,"Codington, SD",21747
46031,"Corson, SD",1389
46033,"Custer, SD",4759
46035,"Davison, SD",16075
46037,"Day, SD",3482
46039,"Deuel, SD",2733
46041,"Dewey, SD",3032
46043,"Douglas, SD",2089
46045,"Edmunds, SD",2417
46047,"Fall River, SD",4033
46049,"Faulk, SD",1378
46051,"Grant, SD",5676
46053,"Gregory, SD",2783
46055,"Haakon, SD",1625
46057,"Hamlin, SD",3380
46059,"Hand, SD",2527
46061,"Hanson, SD",1607
46063,"Harding, SD",1136
46065,"Hughes, SD",14200
46067,"Hutchinson, SD",4596
46069,"Hyde, SD",980
46071,"Jackson, SD",1423
46073,"Jerauld, SD",2090
46075,"Jones, SD",845
46077,"Kingsbury, SD",3185
46079,"Lake, SD",7734
46081,"Lawrence, SD",18064
46083,"Lincoln, SD",37137
46085,"Lyman, SD",2319
46087,"McCook, SD",2823
46089,"McPherson, SD",1280
46091,"Marshall, SD",2684
46093,"Meade, SD",13505
46095,"Mellette, SD",779
46097,"Miner, SD",1588
46099,"Minnehaha, SD",165899
46101,"Moody, SD",3632
46102,"Oglala Lakota, SD*",4719
46103,"Pennington, SD",81101
46105,"Perkins, SD",2077
46107,"Potter, SD",1543
46109,"Roberts, SD",5647
46111,"Sanborn, SD",1281
46115,"Spink, SD",4081
46117,"Stanley, SD",2011
46119,"Sully, SD",1430
46121,"Todd, SD",3672
46123,"Tripp, SD",3984
46125,"Turner, SD",4241
46127,"Union, SD",13803
46129,"Walworth, SD",3279
46135,"Yankton, SD",17095
46137,"Ziebach, SD",690
47001,"Anderson, TN",50998
47003,"Bedford, TN",24000
47005,"Benton, TN",6709
47007,"Bledsoe, TN",3672
47009,"Blount, TN",71899
47011,"Bradley, TN",60442
47013,"Campbell, TN",13864
47015,"Cannon, TN",4909
47017,"Carroll, TN",11174
47019,"Carter, TN",18390
47021,"Cheatham, TN",15934
47023,"Chester, TN",6379
47025,"Claiborne, TN",14028
47027,"Clay, TN",3032
47029,"Cocke, TN",11766
47031,"Coffee, TN",35520
47033,"Crockett, TN",6137
47035,"Cumberland, TN",27139
47037,"Davidson, TN",687579
47039,"Decatur, TN",5520
47041,"DeKalb, TN",9307
47043,"Dickson, TN",27112
47045,"Dyer, TN",21356
47047,"Fayette, TN",15973
47049,"Fentress, TN",8399
47051,"Franklin, TN",18357
47053,"Gibson, TN",21484
47055,"Giles, TN",15708
47057,"Grainger, TN",7484
47059,"Greene, TN",36141
47061,"Grundy, TN",4464
47063,"Hamblen, TN",40727
47065,"Hamilton, TN",274140
47067,"Hancock, TN",2007
47069,"Hardeman, TN",10119
47071,"Hardin, TN",12012
47073,"Hawkins, TN",19686
47075,"Haywood, TN",7818
47077,"Henderson, TN",12518
47079,"Henry, TN",16917
47081,"Hickman, TN",7289
47083,"Houston, TN",2773
47085,"Humphreys, TN",8895
47087,"Jackson, TN",3199
47089,"Jefferson, TN",20689
47091,"Johnson, TN",6577
47093,"Knox, TN",328096
47095,"Lake, TN",2035
47097,"Lauderdale, TN",9301
47099,"Lawrence, TN",18072
47101,"Lewis, TN",4777
47103,"Lincoln, TN",16406
47105,"Loudon, TN",24095
47107,"McMinn, TN",26268
47109,"McNairy, TN",8999
47111,"Macon, TN",8920
47113,"Madison, TN",75211
47115,"Marion, TN",11337
47117,"Marshall, TN",15028
47119,"Maury, TN",54221
47121,"Meigs, TN",3776
47123,"Monroe, TN",20596
47125,"Montgomery, TN",83309
47127,"Moore, TN",3560
47129,"Morgan, TN",5093
47131,"Obion, TN",15557
47133,"Overton, TN",9011
47135,"Perry, TN",3374
47137,"Pickett, TN",2142
47139,"Polk, TN",4454
47141,"Putnam, TN",50012
47143,"Rhea, TN",14874
47145,"Roane, TN",26015
47147,"Robertson, TN",34997
47149,"Rutherford, TN",187998
47151,"Scott, TN",8627
47153,"Sequatchie, TN",5122
47155,"Sevier, TN",66807
47157,"Shelby, TN",689060
47159,"Smith, TN",8573
47161,"Stewart, TN",4806
47163,"Sullivan, TN",91302
47165,"Sumner, TN",91653
47167,"Tipton, TN",19091
47169,"Trousdale, TN",3317
47171,"Unicoi, TN",6752
47173,"Union, TN",5241
47175,"Van Buren, TN",1779
47177,"Warren, TN",19345
47179,"Washington, TN",82416
47181,"Wayne, TN",5973
47183,"Weakley, TN",16908
47185,"White, TN",11587
47187,"Williamson, TN",213585
47189,"Wilson, TN",76057
48001,"Anderson, TX",29416
48003,"Andrews, TX",10998
48005,"Angelina, TX",48622
48007,"Aransas, TX",11094
48009,"Archer, TX",4690
48011,"Armstrong, TX",1067
48013,"Atascosa, TX",23097
48015,"Austin, TX",19012
48017,"Bailey, TX",3377
48019,"Bandera, TX",8835
48021,"Bastrop, TX",34658
48023,"Baylor, TX",2266
48025,"Bee, TX",13091
48027,"Bell, TX",203968
48029,"Bexar, TX",1253069
48031,"Blanco, TX",7507
48033,"Borden, TX",552
48035,"Bosque, TX",8242
48037,"Bowie, TX",56069
48039,"Brazoria, TX",175466
48041,"Brazos, TX",144868
48043,"Brewster, TX",6451
48045,"Briscoe, TX",925
48047,"Brooks, TX",4068
48049,"Brown, TX",22819
48051,"Burleson, TX",9137
48053,"Burnet, TX",28076
48055,"Caldwell, TX",16890
48057,"Calhoun, TX",16055
48059,"Callahan, TX",5948
48061,"Cameron, TX",199947
48063,"Camp, TX",5441
48065,"Carson, TX",6312
48067,"Cass, TX",12773
48069,"Castro, TX",4062
48071,"Chambers, TX",24208
48073,"Cherokee, TX",23168
48075,"Childress, TX",3751
48077,"Clay, TX",4245
48079,"Cochran, TX",1357
48081,"Coke, TX",1713
48083,"Coleman, TX",4533
48085,"Collin, TX",666572
48087,"Collingsworth, TX",1677
48089,"Colorado, TX",12665
48091,"Comal, TX",95436
48093,"Comanche, TX",7340
48095,"Concho, TX",1756
48097,"Cooke, TX",25595
48099,"Coryell, TX",24146
48101,"Cottle, TX",939
48103,"Crane, TX",1830
48105,"Crockett, TX",2360
48107,"Crosby, TX",2415
48109,"Culberson, TX",1714
48111,"Dallam, TX",5394
48113,"Dallas, TX",2365389
48115,"Dawson, TX",6697
48117,"Deaf Smith, TX",10095
48119,"Delta, TX",2274
48121,"Denton, TX",433036
48123,"DeWitt, TX",12908
48125,"Dickens, TX",1390
48127,"Dimmit, TX",7461
48129,"Donley, TX",1966
48131,"Duval, TX",6212
48133,"Eastland, TX",12408
48135,"Ector, TX",107412
48137,"Edwards, TX",1334
48139,"Ellis, TX",86545
48141,"El Paso, TX",458651
48143,"Erath, TX",26426
48145,"Falls, TX",6812
48147,"Fannin, TX",15897
48149,"Fayette, TX",17750
48151,"Fisher, TX",1935
48153,"Floyd, TX",2955
48155,"Foard, TX",800
48157,"Fort Bend, TX",353721
48159,"Franklin, TX",5415
48161,"Freestone, TX",8889
48163,"Frio, TX",10447
48165,"Gaines, TX",12351
48167,"Galveston, TX",167370
48169,"Garza, TX",3048
48171,"Gillespie, TX",21470
48173,"Glasscock, TX",1096
48175,"Goliad, TX",3729
48177,"Gonzales, TX",12027
48179,"Gray, TX",11244
48181,"Grayson, TX",73149
48183,"Gregg, TX",102787
48185,"Grimes, TX",13224
48187,"Guadalupe, TX",68262
48189,"Hale, TX",16658
48191,"Hall, TX",1564
48193,"Hamilton, TX",5114
48195,"Hansford, TX",3530
48197,"Hardeman, TX",2222
48199,"Hardin, TX",21342
48201,"Harris, TX",3292228
48203,"Harrison, TX",34701
48205,"Hartley, TX",3651
48207,"Haskell, TX",2797
48209,"Hays, TX",115452
48211,"Hemphill, TX",3309
48213,"Henderson, TX",32132
48215,"Hidalgo, TX",396490
48217,"Hill, TX",16919
48219,"Hockley, TX",13967
48221,"Hood, TX",30859
48223,"Hopkins, TX",20877
48225,"Houston, TX",11579
48227,"Howard, TX",18267
48229,"Hudspeth, TX",1950
48231,"Hunt, TX",46374
48233,"Hutchinson, TX",10358
48235,"Irion, TX",1450
48237,"Jack, TX",5276
48239,"Jackson, TX",8811
48241,"Jasper, TX",14863
48243,"Jeff Davis, TX",1394
48245,"Jefferson, TX",160935
48247,"Jim Hogg, TX",2703
48249,"Jim Wells, TX",23268
48251,"Johnson, TX",80090
48253,"Jones, TX",7531
48255,"Karnes, TX",10393
48257,"Kaufman, TX",56474
48259,"Kendall, TX",32059
48261,"Kenedy, TX",700
48263,"Kent, TX",605
48265,"Kerr, TX",32712
48267,"Kimble, TX",2982
48269,"King, TX",252
48271,"Kinney, TX",1715
48273,"Kleberg, TX",16461
48275,"Knox, TX",1850
48277,"Lamar, TX",31675
48279,"Lamb, TX",6343
48281,"Lampasas, TX",9008
48283,"La Salle, TX",5161
48285,"Lavaca, TX",12453
48287,"Lee, TX",12528
48289,"Leon, TX",9985
48291,"Liberty, TX",30826
48293,"Limestone, TX",12533
48295,"Lipscomb, TX",2299
48297,"Live Oak, TX",7252
48299,"Llano, TX",10384
48301,"Loving, TX",268
48303,"Lubbock, TX",198964
48305,"Lynn, TX",2984
48307,"McCulloch, TX",4695
48309,"McLennan, TX",157899
48311,"McMullen, TX",1201
48313,"Madison, TX",6767
48315,"Marion, TX",3670
48317,"Martin, TX",4207
48319,"Mason, TX",3107
48321,"Matagorda, TX",17015
48323,"Maverick, TX",25085
48325,"Medina, TX",19529
48327,"Menard, TX",1331
48329,"Midland, TX",158496
48331,"Milam, TX",10690
48333,"Mills, TX",3063
48335,"Mitchell, TX",3459
48337,"Montague, TX",10606
48339,"Montgomery, TX",307624
48341,"Moore, TX",13033
48343,"Morris, TX",5701
48345,"Motley, TX",830
48347,"Nacogdoches, TX",33123
48349,"Navarro, TX",27251
48351,"Newton, TX",2859
48353,"Nolan, TX",9125
48355,"Nueces, TX",225446
48357,"Ochiltree, TX",6869
48359,"Oldham, TX",1502
48361,"Orange, TX",33109
48363,"Palo Pinto, TX",14739
48365,"Panola, TX",13296
48367,"Parker, TX",68593
48369,"Parmer, TX",6934
48371,"Pecos, TX",8057
48373,"Polk, TX",20428
48375,"Potter, TX",99730
48377,"Presidio, TX",3340
48379,"Rains, TX",4502
48381,"Randall, TX",58716
48383,"Reagan, TX",3003
48385,"Real, TX",1825
48387,"Red River, TX",5491
48389,"Reeves, TX",10897
48391,"Refugio, TX",3739
48393,"Roberts, TX",546
48395,"Robertson, TX",8553
48397,"Rockwall, TX",55514
48399,"Runnels, TX",5456
48401,"Rusk, TX",22085
48403,"Sabine, TX",3895
48405,"San Augustine, TX",3516
48407,"San Jacinto, TX",6414
48409,"San Patricio, TX",29836
48411,"San Saba, TX",3921
48413,"Schleicher, TX",1753
48415,"Scurry, TX",9801
48417,"Shackelford, TX",3061
48419,"Shelby, TX",13241
48421,"Sherman, TX",1702
48423,"Smith, TX",151877
48425,"Somervell, TX",5739
48427,"Starr, TX",24818
48429,"Stephens, TX",5807
48431,"Sterling, TX",956
48433,"Stonewall, TX",1209
48435,"Sutton, TX",2835
48437,"Swisher, TX",3259
48439,"Tarrant, TX",1332042
48441,"Taylor, TX",93926
48443,"Terrell, TX",594
48445,"Terry, TX",6096
48447,"Throckmorton, TX",1151
48449,"Titus, TX",20947
48451,"Tom Green, TX",72343
48453,"Travis, TX",1108118
48455,"Trinity, TX",4690
48457,"Tyler, TX",6820
48459,"Upshur, TX",15301
48461,"Upton, TX",2412
48463,"Uvalde, TX",14998
48465,"Val Verde, TX",26981
48467,"Van Zandt, TX",22408
48469,"Victoria, TX",54798
48471,"Walker, TX",34962
48473,"Waller, TX",30548
48475,"Ward, TX",8022
48477,"Washington, TX",24972
48479,"Webb, TX",148363
48481,"Wharton, TX",25247
48483,"Wheeler, TX",3801
48485,"Wichita, TX",81925
48487,"Wilbarger, TX",7917
48489,"Willacy, TX",6511
48491,"Williamson, TX",290973
48493,"Wilson, TX",18989
48495,"Winkler, TX",4874
48497,"Wise, TX",36215
48499,"Wood, TX",19243
48501,"Yoakum, TX",5439
48503,"Young, TX",12414
48505,"Zapata, TX",5450
48507,"Zavala, TX",4681
49001,"Beaver, UT",4209
49003,"Box Elder, UT",30486
49005,"Cache, UT",81103
49007,"Carbon, UT",11440
49009,"Daggett, UT",614
49011,"Davis, UT",197875
49013,"Duchesne, UT",11837
49015,"Emery, UT",5024
49017,"Garfield, UT",3679
49019,"Grand, UT",8509
49021,"Iron, UT",29110
49023,"Juab, UT",5679
49025,"Kane, UT",5425
49027,"Millard, UT",7244
49029,"Morgan, UT",5377
49031,"Piute, UT",641
49033,"Rich, UT",1666
49035,"Salt Lake, UT",950858
49037,"San Juan, UT",6735
49039,"Sanpete, UT",13225
49041,"Sevier, UT",12739
49043,"Summit, UT",44097
49045,"Tooele, UT",24061
49047,"Uintah, UT",18431
49049,"Utah, UT",377066
49051,"Wasatch, UT",18536
49053,"Washington, UT",104156
49055,"Wayne, UT",1955
49057,"Weber, UT",145240
50001,"Addison, VT",24651
50003,"Bennington, VT",25690
50005,"Caledonia, VT",17330
50007,"Chittenden, VT",138427
50009,"Essex, VT",2006
50011,"Franklin, VT",26243
50013,"Grand Isle, VT",2806
50015,"Lamoille, VT",18331
50017,"Orange, VT",14296
50019,"Orleans, VT",16612
50021,"Rutland, VT",37436
50023,"Washington, VT",48166
50025,"Windham, VT",32471
50027,"Windsor, VT",36655
51001,"Accomack, VA",18495
51007,"Amelia, VA",4699
51009,"Amherst, VA",11665
51011,"Appomattox, VA",5494
51013,"Arlington, VA",243370
51017,"Bath, VA",3003
51019,"Bedford, VA*",31538
51021,"Bland, VA",2859
51023,"Botetourt, VA",16797
51025,"Brunswick, VA",5466
51027,"Buchanan, VA",8280
51029,"Buckingham, VA",5259
51033,"Caroline, VA",9877
51036,"Charles City, VA",2620
51037,"Charlotte, VA",4877
51041,"Chesterfield, VA",194354
51043,"Clarke, VA",7232
51045,"Craig, VA",1461
51047,"Culpeper, VA",24458
51049,"Cumberland, VA",2459
51051,"Dickenson, VA",4475
51057,"Essex, VA",5302
51061,"Fauquier, VA",37752
51063,"Floyd, VA",6621
51065,"Fluvanna, VA",8063
51067,"Franklin, VA",23406
51071,"Giles, VA",6632
51073,"Gloucester, VA",14501
51075,"Goochland, VA",23597
51077,"Grayson, VA",5618
51079,"Greene, VA",6663
51083,"Halifax, VA",16639
51085,"Hanover, VA",75238
51087,"Henrico, VA",257989
51091,"Highland, VA",1249
51093,"Isle of Wight, VA",15921
51097,"King and Queen, VA",1961
51099,"King George, VA",15842
51101,"King William, VA",6417
51103,"Lancaster, VA",7108
51105,"Lee, VA",7017
51107,"Loudoun, VA",256716
51109,"Louisa, VA",15220
51111,"Lunenburg, VA",4085
51113,"Madison, VA",6017
51115,"Mathews, VA",3198
51117,"Mecklenburg, VA",15563
51119,"Middlesex, VA",5445
51125,"Nelson, VA",6984
51127,"New Kent, VA",8787
51131,"Northampton, VA",6620
51133,"Northumberland, VA",4635
51135,"Nottoway, VA",7706
51137,"Orange, VA",15420
51139,"Page, VA",8981
51141,"Patrick, VA",7108
51145,"Powhatan, VA",12716
51147,"Prince Edward, VA",12462
51155,"Pulaski, VA",18307
51157,"Rappahannock, VA",3691
51159,"Richmond, VA",4267
51167,"Russell, VA",9994
51169,"Scott, VA",8125
51171,"Shenandoah, VA",21302
51173,"Smyth, VA",15981
51179,"Stafford, VA",68195
51181,"Surry, VA",3133
51183,"Sussex, VA",4835
51185,"Tazewell, VA",19178
51187,"Warren, VA",18632
51193,"Westmoreland, VA",6182
51197,"Wythe, VA",15429
51510,"Alexandria (Independent City), VA",126617
51550,"Chesapeake (Independent City), VA",138687
51650,"Hampton (Independent City), VA",77539
51700,"Newport News (Independent City), VA",133748
51710,"Norfolk (Independent City), VA",215930
51740,"Portsmouth (Independent City), VA",61964
51760,"Richmond (Independent City), VA",205502
51770,"Roanoke (Independent City), VA",81719
51800,"Suffolk (Independent City), VA",45555
51810,"Virginia Beach (Independent City), VA",271442
51901,"Albemarle + Charlottesville, VA*",138605
51903,"Alleghany + Covington, VA*",9822
51907,"Augusta, Staunton + Waynesboro, VA*",67443
51911,"Campbell + Lynchburg, VA*",91698
51913,"Carroll + Galax, VA*",16627
51918,"Dinwiddie, Colonial Heights + Petersburg, VA*",41572
51919,"Fairfax, Fairfax City + Falls Church, VA*",949771
51921,"Frederick + Winchester, VA*",77698
51923,"Greensville + Emporia, VA*",9271
51929,"Henry + Martinsville, VA*",31937
51931,"James City + Williamsburg, VA*",59374
51933,"Montgomery + Radford, VA*",65327
51939,"Pittsylvania + Danville, VA*",50097
51941,"Prince George + Hopewell, VA*",37410
51942,"Prince William, Manassas + Manassas Park, VA*",256920
51944,"Roanoke + Salem, VA*",77155
51945,"Rockbridge, Buena Vista + Lexington, VA*",19992
51947,"Rockingham + Harrisonburg, VA*",88530
51949,"Southampton + Franklin, VA*",11365
51951,"Spotsylvania + Fredericksburg, VA*",85690
51953,"Washington + Bristol, VA*",39699
51955,"Wise + Norton, VA*",19080
51958,"York + Poquoson, VA*",36340
53001,"Adams, WA",9840
53003,"Asotin, WA",9437
53005,"Benton, WA",116295
53007,"Chelan, WA",56056
53009,"Clallam, WA",35171
53011,"Clark, WA",241829
53013,"Columbia, WA",2389
53015,"Cowlitz, WA",51607
53017,"Douglas, WA",17220
53019,"Ferry, WA",2784
53021,"Franklin, WA",43940
53023,"Garfield, WA",1144
53025,"Grant, WA",50380
53027,"Grays Harbor, WA",31509
53029,"Island, WA",36502
53031,"Jefferson, WA",15919
53033,"King, WA",1866858
53035,"Kitsap, WA",139206
53037,"Kittitas, WA",23308
53039,"Klickitat, WA",11596
53041,"Lewis, WA",37629
53043,"Lincoln, WA",4967
53045,"Mason, WA",21430
53047,"Okanogan, WA",23585
53049,"Pacific, WA",10132
53051,"Pend Oreille, WA",5019
53053,"Pierce, WA",460186
53055,"San Juan, WA",11925
53057,"Skagit, WA",72221
53059,"Skamania, WA",3798
53061,"Snohomish, WA",412286
53063,"Spokane, WA",312741
53065,"Stevens, WA",17781
53067,"Thurston, WA",157297
53069,"Wahkiakum, WA",1546
53071,"Walla Walla, WA",36827
53073,"Whatcom, WA",131309
53075,"Whitman, WA",27027
53077,"Yakima, WA",136556
54001,"Barbour, WV",5697
54003,"Berkeley, WV",50008
54005,"Boone, WV",6032
54007,"Braxton, WV",5135
54009,"Brooke, WV",10080
54011,"Cabell, WV",65243
54013,"Calhoun, WV",2452
54015,"Clay, WV",2018
54017,"Doddridge, WV",2636
54019,"Fayette, WV",13991
54021,"Gilmer, WV",3080
54023,"Grant, WV",5219
54025,"Greenbrier, WV",18683
54027,"Hampshire, WV",7134
54029,"Hancock, WV",12418
54031,"Hardy, WV",8013
54033,"Harrison, WV",48121
54035,"Jackson, WV",12871
54037,"Jefferson, WV",24671
54039,"Kanawha, WV",123125
54041,"Lewis, WV",8832
54043,"Lincoln, WV",3580
54045,"Logan, WV",12434
54047,"McDowell, WV",5309
54049,"Marion, WV",24952
54051,"Marshall, WV",15585
54053,"Mason, WV",8231
54055,"Mercer, WV",25729
54057,"Mineral, WV",11120
54059,"Mingo, WV",7087
54061,"Monongalia, WV",75625
54063,"Monroe, WV",4086
54065,"Morgan, WV",5000
54067,"Nicholas, WV",9646
54069,"Ohio, WV",35524
54071,"Pendleton, WV",3001
54073,"Pleasants, WV",3603
54075,"Pocahontas, WV",4767
54077,"Preston, WV",11973
54079,"Putnam, WV",28195
54081,"Raleigh, WV",40770
54083,"Randolph, WV",14983
54085,"Ritchie, WV",4985
54087,"Roane, WV",5223
54089,"Summers, WV",3622
54091,"Taylor, WV",5078
54093,"Tucker, WV",3585
54095,"Tyler, WV",3219
54097,"Upshur, WV",10585
54099,"Wayne, WV",11489
54101,"Webster, WV",2238
54103,"Wetzel, WV",5777
54105,"Wirt, WV",1291
54107,"Wood, WV",45929
54109,"Wyoming, WV",5510
55001,"Adams, WI",6853
55003,"Ashland, WI",10572
55005,"Barron, WI",29808
55007,"Bayfield, WI",7414
55009,"Brown, WI",197919
55011,"Buffalo, WI",7124
55013,"Burnett, WI",7383
55015,"Calumet, WI",21166
55017,"Chippewa, WI",35261
55019,"Clark, WI",18602
55021,"Columbia, WI",33010
55023,"Crawford, WI",10593
55025,"Dane, WI",449923
55027,"Dodge, WI",46951
55029,"Door, WI",20867
55031,"Douglas, WI",22087
55033,"Dunn, WI",26027
55035,"Eau Claire, WI",77626
55037,"Florence, WI",1700
55039,"Fond du Lac, WI",62207
55041,"Forest, WI",4726
55043,"Grant, WI",29459
55045,"Green, WI",23213
55047,"Green Lake, WI",9421
55049,"Iowa, WI",16018
55051,"Iron, WI",2608
55053,"Jackson, WI",11792
55055,"Jefferson, WI",45503
55057,"Juneau, WI",12711
55059,"Kenosha, WI",87326
55061,"Kewaunee, WI",10054
55063,"La Crosse, WI",89275
55065,"Lafayette, WI",8325
55067,"Langlade, WI",10621
55069,"Lincoln, WI",14921
55071,"Manitowoc, WI",44210
55073,"Marathon, WI",93323
55075,"Marinette, WI",23786
55077,"Marquette, WI",6424
55078,"Menominee, WI*",2398
55079,"Milwaukee, WI",614726
55081,"Monroe, WI",28704
55083,"Oconto, WI",14387
55085,"Oneida, WI",22990
55087,"Outagamie, WI",138478
55089,"Ozaukee, WI",60148
55091,"Pepin, WI",3943
55093,"Pierce, WI",18235
55095,"Polk, WI",23842
55097,"Portage, WI",46910
55099,"Price, WI",8075
55101,"Racine, WI",96966
55103,"Richland, WI",9452
55105,"Rock, WI",87689
55107,"Rusk, WI",7438
55109,"St. Croix, WI",49593
55111,"Sauk, WI",49184
55113,"Sawyer, WI",10468
55115,"Shawano, WI*",19907
55117,"Sheboygan, WI",75714
55119,"Taylor, WI",12105
55121,"Trempealeau, WI",19615
55123,"Vernon, WI",15907
55125,"Vilas, WI",13149
55127,"Walworth, WI",59768
55129,"Washburn, WI",8902
55131,"Washington, WI",77249
55133,"Waukesha, WI",318915
55135,"Waupaca, WI",26857
55137,"Waushara, WI",9868
55139,"Winnebago, WI",116006
55141,"Wood, WI",49063
55901,"Shawano (includes Menominee), WI*",(NA)
56001,"Albany, WY",25135
56003,"Big Horn, WY",6791
56005,"Campbell, WY",34503
56007,"Carbon, WY",10098
56009,"Converse, WY",10589
56011,"Crook, WY",4780
56013,"Fremont, WY",23440
56015,"Goshen, WY",7291
56017,"Hot Springs, WY",2953
56019,"Johnson, WY",6642
56021,"Laramie, WY",72107
56023,"Lincoln, WY",11296
56025,"Natrona, WY",55034
56027,"Niobrara, WY",1741
56029,"Park, WY",21727
56031,"Platte, WY",5886
56033,"Sheridan, WY",22430
56035,"Sublette, WY",6642
56037,"Sweetwater, WY",28052
56039,"Teton, WY",34492
56041,"Uinta, WY",11961
56043,"Washakie, WY",5199
56045,"Weston, WY",3976
Legend / Footnotes:,,
"* Cibola, NM was separated from Valencia in June 1981, but in these estimates, Valencia includes Cibola through the end of 1981.",,
"* La Paz County, AZ was separated from Yuma County on January 1, 1983. The Yuma, AZ MSA contains the area that became La Paz County, AZ through 1982 and excludes it beginning with 1983.",,
"* Broomfield County, CO, was created from parts of Adams, Boulder, Jefferson, and Weld counties effective November 15, 2001. Estimates for Broomfield county begin with 2002.",,
"* Shawano, WI and Menominee, WI are combined as Shawano (incl. Menominee), WI for the years prior to 1989.",,
"* Estimates for 1979 forward reflect Alaska Census Areas as defined by the Census Bureau; those for prior years reflect Alaska Census Divisions as defined in the 1970 Decennial Census. Estimates from 1988 forward separate Aleutian Islands Census Area into Aleutians East Borough and Aleutians West Census Area. Estimates for 1991 forward separate Denali Borough from Yukon-Koyukuk Census Area and Lake and Peninsula Borough from Dillingham Census Area. Estimates from 1993 forward separate Skagway-Yakutat-Angoon Census Area into Skagway-Hoonah-Angoon Census Area and Yakutat Borough. Estimates from 2008 forward separate Skagway-Hoonah-Angoon Census Area into Skagway Municipality and Hoonah-Angoon Census Area. Estimates from 2009 forward separate Wrangell-Petersburg Census Area into Petersburg Census Area and Wrangell City and Borough. In addition, a part of the Prince of Wales-Outer Ketchikan Census Area was annexed by Ketchikan Gateway Borough and part (Meyers Chuck Area) was included in the new Wrangell City and Borough. The remainder of the Prince of Wales-Outer Ketchikan Census Area was renamed Prince of Wales-Hyder Census Area. Petersburg Borough was created from part of former Petersburg Census Area and part of Hoonah-Angoon Census Area for 2013 forward. Prince of Wales-Hyder Census Area added part of the former Petersburg Census Area beginning in 2013. For years 2009-2012, Petersburg Borough reflects the geographic boundaries of the former Petersburg Census Area. Wade Hampton Census Area was renamed Kusilvak Census Area on July 1, 2015.",,
"* Virginia combination areas consist of one or two independent cities with 1980 populations of less than 100,000 combined with an adjacent county. The county name appears first, followed by the city name(s). Separate estimates for the jurisdictions making up the combination area are not available. Bedford County, VA includes the independent city of Bedford for all years.",,
"* Shannon County, SD was renamed to Oglala Lakota County, SD on May 1, 2015.",,
"* Kalawao County, Hawaii is combined with Maui County. Separate estimates for the jurisdictions making up the combination areas are not available.",,
"Metropolitan Areas are defined (geographically delineated) by the Office of Management and Budget (OMB) bulletin no. 20-01 issued March 6, 2020.",,
Note. All dollar estimates are in thousands of current dollars (not adjusted for inflation). Calculations are performed on unrounded data.,,
(NA) Not available.,,
"Last updated: November 17, 2020-- new statistics for 2019; revised statistics for 2010-2018.",,