industry,choice_occasions,source
smartphone,155,https://gs.statcounter.com/vendor-market-share/mobile/united-states-of-america/2019; https://www.statista.com/statistics/191985/sales-of-smartphones-in-the-us-since-2005/
airline,271.5386884,"fread(paste0(dropbox.dir, вЂњData/airlines/intermediate/airlines_collapsed.csvвЂќ))[, sum(AvgFare*TotPassengers)*2/1e8]"
grocery,1583.4,https://www.statista.com/statistics/240473/food-retail-revenues-of-the-leading-food-retailers-of-north-america/; https://www.statista.com/statistics/197626/annual-supermarket-and-other-grocery-store-sales-in-the-us-since-1992/
auto,1240,From Ward auto dataset 2019
restaurant,340,https://www.statista.com/statistics/298191/sales-of-the-leading-chain-restaurants-in-the-us/
cereal,42.398,https://www.statista.com/outlook/cmo/food/bread-cereal-products/breakfast-cereals/united-states
yogurt,21.046,https://www.statista.com/outlook/cmo/food/dairy-products-eggs/yogurt/united-states#revenue
toothpaste,5.92,https://www.statista.com/statistics/378611/us-oral-care-products-dollar-sales-by-category/
beer,240,"https://www.statista.com/forecasts/944461/total-beer-market-size-in-the-us#:~:text=The%20Beer%20market%20has%20been,to%20146%20billion%20by%202025"
soda,174.4,"https://www.statista.com/statistics/504864/retail-value-of-csd-in-the-us/#:~:text=According%20to%20the%20report%2C%20the,U.S.%20dollars%20the%20previous%20year."
cigarette,158.4,https://www.statista.com/forecasts/1281637/revenue-of-the-cigarettes-market-us