ticker,short_name,survey_name,industry
_ALDI,ALDI,ALDI Grocery Stores,Grocery
_CHIFA,Chick-fil-A,Chick-fil-A,Restaurant
_CHOB,Chobani,Chobani Inc,Yogurt
_HUAW,Huawei,Huawei,Smartphone
_INSB,Inspire Brands,Inspire Brands,Restaurant
_JAB,JAB,JAB Holding Company,Restaurant
_LTTCS,Little Caesars,Little Caesars,Restaurant
_MEIR,Meijer,Meijer Inc.,Grocery
_PDAEX,Panda Express,Panda Express,Restaurant
_PUBX,Publix,"Publix Super Markets, Inc.",Grocery
_SAZRC,Sazerac,Sazerac Company Inc,Beer
_SUBW,Subway,Subway,Restaurant
_WINC,Winco,"Winco Holdings, Inc.",Grocery
_WKFRN,Wakefern,Wakefern Food Corp,Grocery
AAL,American,American,Airline
AAPL,Apple,Apple,Smartphone
ACD,Air Canada,Air Canada,Airline
ACI,Albertsons,"Albertsons Companies, Inc.",Grocery
AD,Ahold,Ahold Delhaize,Grocery
ALGT,Allegiant,Allegiant,Airline
ALK,Alaska,Alaska (including Virgin),Airline
AMZN,Amazon,Amazon,Grocery
BMW,BMW,BMW,Auto
BP,BP,,Oil
BRK,Dairy Queen,Berkshire Hathaway,Restaurant
BTI,R.J. Reynolds,R.J. Reynolds,Cigarette
BUD,Anheuser-Busch,Anheuser Busch InBev,Beer
CHD,Church & Dwight,Church & Dwight Co.,Toothpaste
CL,Colgate,Colgate Palmolive Company,Toothpaste
CMG,Chipotle,Chipotle,Restaurant
COP,Conoco,,Oil
COST,Costco,Costco Wholesale Corporation,Grocery
CVX,Chevron,,Oil
DAL,Delta,Delta,Airline
DANOY,Danone,Danone US,Yogurt
DDAIF,Mercedes,Mercedes,Auto
DPZ,Domino's,Domino's,Restaurant
E,Eni,,Oil
F,Ford,Ford Motor Company,Auto
FCAU,Fiat Chrysler,FCA,Auto
FIZZ,NatBev,,Beer
FRNT,Frontier,Frontier,Airline
FUJHY,Subaru,Subaru,Auto
GIS_C,General Mills,General Mills,Cereal
GIS_Y,Yoplait,Yoplait USA,Yogurt
GM,GM,GM,Auto
GOOG,Google,Google,Smartphone
GSK,Glaxo,Glaxosmithkline Consumer Healthcare,Toothpaste
HA,Hawaiian,Hawaiian,Airline
HMC,Honda,Honda Motor Company,Auto
HTCXF,HTC,HTC,Smartphone
HYMTF,Hyundai,Hyundai Motor Company,Auto
ISUZY,Isuzu,Isuzu,Auto
JACK,Jack in the Box,Jack in the box,Restaurant
JBLU,JetBlue,JetBlue,Airline
K,Kellogg,Kellogg Company,Cereal
KDP,Dr Pepper 7 Up,Dr  Pepper/Seven Up  Inc.,Soda
KIMTF,Kia,Kia Motor Company,Auto
KO,Coca-Cola,The Coca-Cola Company,Soda
KR,Kroger,Kroger Company,Grocery
LGLD,LG,LG,Smartphone
LNVGY,Lenovo,Lenovo,Smartphone
LO,Lorillard,Lorillard,Cigarette
LUV,Southwest,SouthWest,Airline
MCD,McDonald's,McDonald's,Restaurant
MMTOF,Mitsubishi,Mitsubishi,Auto
MZDAY,Mazda,Mazda,Auto
NSANY,Nissan,Nissan Motor Company,Auto
OAT,Quaker,Quaker Foods and Beverages,Cereal
Other,Other,Other,
PEP,Pepsi,Pepsi Cola Company,Soda
PG,Procter & Gamble,Procter & Gamble,Toothpaste
PM,Philip Morris,Philip Morris,Cigarette
POST,Post,Post Consumer Brands,Cereal
QSR,Burger King,Burger King,Restaurant
RNO.PA,Renault,,Auto
RYDAF,Shell,,Oil
SAVE,Spirit,Spirit,Airline
SBUX,Starbucks,Starbucks,Restaurant
SKYW,SkyWest,,Airline
SSNLF,Samsung,Samsung,Smartphone
SUN,Sun,Sun Country,Airline
SZKMF,Suzuki,Suzuki,Auto
TAP,Molson Coors,Molson Coors Brewing Company,Beer
TM,Toyota,Toyota Motor Corporation,Auto
TOT,Total,,Oil
TSLA,Tesla,Tesla,Auto
TTM,Jaguar Land Rover,Tata,Auto
UAL,United,United,Airline
VGR,Liggett,Liggett Group,Cigarette
VOLVF,Volvo,Volvo,Auto
VWAGY,Volkswagen,Volkswagen Group,Auto
WEN,Wendy's,Wendy's,Restaurant
WMT,Walmart,Walmart Inc.,Grocery
XOM,Exxon,,Oil
YUM,Yum! Brands,Yum! Brands,Restaurant
ZTCOY,ZTE,ZTE,Smartphone