param,ticker,coeff
sigma,AAL,1.39080908400322
sigma,ALGT,7.72137286365099
sigma,ALK,4.99816288495416
sigma,DAL,2.43074532479495
sigma,FRNT,0
sigma,JBLU,7.54991641378593
sigma,LUV,2.07252605987726
sigma,Other,3.28353310107033
sigma,SAVE,1.90548706127768
sigma,UAL,1.48277821728875
sigma,"",6.30603541257685
zeta,AAL,4.06148069431407
zeta,ALGT,-2.41885912579868
zeta,ALK,4.71363402192192
zeta,DAL,4.07355727941769
zeta,FRNT,3.57434074741107
zeta,JBLU,3.22867205306258
zeta,LUV,4.3812453922537
zeta,Other,1.05297797521697
zeta,SAVE,3.03714640337667
zeta,UAL,3.32277033153314
eta,"",4.92110840509975
