param,ticker,coeff
sigma,BMW,11.4661573914092
sigma,DDAIF,4.51659876783326
sigma,F,3.16858936190599
sigma,FCAU,1.70754457720512
sigma,FUJHY,1.9893768770038
sigma,GM,2.64032399348678
sigma,HMC,3.45695491157289
sigma,HYMTF,0
sigma,KIMTF,1.99638941258885
sigma,MZDAY,2.03262584552697
sigma,NSANY,1.06186859886167
sigma,Other,3.23080032374352
sigma,TM,2.83349984014504
sigma,VWAGY,5.13047463112612
sigma,"",7.88904913137303
zeta,BMW,1.94965911416794
zeta,DDAIF,4.02912852760549
zeta,F,-1.52048189554249
zeta,FCAU,-1.69225332543765
zeta,FUJHY,-0.220458680024663
zeta,GM,-2.05806893534138
zeta,HMC,0.549482416014061
zeta,HYMTF,-2.67788098844355
zeta,KIMTF,-5.66745248345896
zeta,MZDAY,-0.856885677250516
zeta,NSANY,-2.32439612239804
zeta,Other,-1.6606107479142
zeta,TM,-1.58595826941722
zeta,VWAGY,-0.240551731249976
eta,"",5.18568424248427
