param,ticker,coeff
sigma,ACI,1.49222246232515
sigma,AD,3.33781390244792
sigma,AMZN,2.81363379196036
sigma,COST,3.24118905789638
sigma,KR,2.32643394933955
sigma,Other,3.37175195250231
sigma,WMT,0
sigma,_ALDI,6.39686924244977
sigma,_MEIR,3.55120296777715
sigma,_PUBX,5.74508406370967
sigma,_WKFRN,4.8130700871172
sigma,"",6.73645052691936
zeta,ACI,0.291367063888665
zeta,AD,-1.25521828912109
zeta,AMZN,0.591134839367612
zeta,COST,0.208749279349794
zeta,KR,-0.0190640459241528
zeta,Other,-0.31629432823228
zeta,WMT,-0.32164525988392
zeta,_ALDI,0.542558767623977
zeta,_MEIR,1.7988978628781
zeta,_PUBX,2.89070927855183
zeta,_WKFRN,0.0715656342093148
eta,"",3.01437265033272
