param,ticker,coeff
sigma,CMG,5.01145006792059
sigma,DPZ,1.9508272009778
sigma,MCD,0.785728870071258
sigma,Other,2.2078948990143
sigma,QSR,1.94259410931154
sigma,SBUX,0.624966628936894
sigma,WEN,0
sigma,YUM,1.99254089023303
sigma,_CHIFA,3.2475449746519
sigma,_INSB,1.43296412963054
sigma,_JAB,5.28475867435154
sigma,_SUBW,2.01346834307227
sigma,"",2.66301890231676
zeta,CMG,0.782434636199357
zeta,DPZ,-0.175809101181329
zeta,MCD,0.0307702464406386
zeta,Other,1.57049893583013
zeta,QSR,-0.106691383908327
zeta,SBUX,0.629456396115556
zeta,WEN,0.454829257982123
zeta,YUM,-0.458369119563219
zeta,_CHIFA,1.47860284156585
zeta,_INSB,-0.0467113066856975
zeta,_JAB,1.87215916790544
zeta,_SUBW,0.416193025365274
eta,"",2.5419075723961
