firm,avg_income,product_module
1 Epic  LLC,72580.6451612903,1484
3rd Generation Trucking Co Inc ,38641.3502109705,1484
51 FIFTY Energy,46779.5371498173,1484
A   W Concentrate Company,140000,1484
A  C  Nielsen Company,88564.0249495505,1484
A Treat Bottling Co ,72067.1394316616,1484
A W Bottling Company  Inc ,54193.9531424071,1484
Abita Brewing Co  Inc ,81060.5799474342,1484
Absopure Water Company,27500,1484
Ad Visor,96303.5331905782,1484
Affinity Beverages LLC,41507.0422535211,1484
Ahold USA  Inc ,63406.8925123678,1484
Aldi Inc ,66734.0468398683,1484
Ale 8 One Bottling Co,57921.2275281089,1484
All Natural Maine Root  LLC,76110.1220496268,1484
Alna Inc ,107616.822429907,1484
AmPurity Nutraceuticals  LLC,22500,1484
Amelia Distributing Company  Inc ,77004.9365303244,1484
American Beverage  LLC,18286.2595419847,1484
American Beverage Depot LLC,42500,1484
American Trading Partners Ltd ,123136.151019044,1484
Anheuser Busch InBev,66422.2688506836,1484
Appalachian Brewing Company  Inc ,60742.474051076,1484
Apple Beer Corporation,88173.6138811328,1484
Artesia Waters  Inc ,56658.2901945017,1484
Ashleigh  Inc ,107147.239263804,1484
Associated Wholesale Grocers  Inc ,36952.1321147617,1484
August Schell Brewing Co,38726.429675425,1484
Avery s Beverages,75703.798711931,1484
B R P Enterprises,67059.8509259587,1484
BAWLS Acquisition LLC,58931.6714490674,1484
BCGA CONCEPT CORP ,84366.7054664966,1484
BJ s Wholesale Club   Corporate Brands,65194.7282689175,1484
Bashas  Markets,73761.8093922652,1484
Be Er Mayim,27324.6387028551,1484
Berghoff Brewery Inc,80591.0800644815,1484
Bev Marketing Group Company  Inc,15673.5159817352,1484
BevSource  Inc ,138919.187963054,1484
Beverage Canners International,64439.7265932788,1484
Beverage Kings LLC,42500,1484
Beverage Management Inc,83031.4067927441,1484
Big Red  Inc ,57469.8577415343,1484
Big Y Foods  Inc ,71608.6537900449,1484
Biotest LLC,22500,1484
Blenheim Bottling Co ,82490.5263157895,1484
Blue Sky Natural Beverage Co ,73280.3504380476,1484
Bomba USA  LLC,55026.586075259,1484
Boppo Hogg s Vegetable Dairy,85000,1484
Borgnine Beverage Co   Inc ,140000,1484
Boston America Corp ,62766.8821038556,1484
Boylan Bottling Company Inc ,75616.890361353,1484
Brasserie De La Couronne S A ,87668.7006460876,1484
Brookshire Grocery Company,51412.5392396233,1484
Buffalo Rock Company,72888.0372021634,1484
Butterfield Bottling Co  Inc ,32500,1484
C   C Cola Co   Inc ,22629.6416702789,1484
CTC Food International Inc ,75870.0100436223,1484
CVS Pharmacy  Inc ,69266.0479003051,1484
Cachet Publishers  Inc ,15797.4499496701,1484
Cadia,47500,1484
Calpis Co   Ltd,60457.7464788732,1484
Campbell Soup Company,69792.8178959136,1484
Canada Dry Corporation,47956.3716258631,1484
Canada Pure Water Company Ltd,36375,1484
Caprice Brands LLC,125101.83299389,1484
Caribbean Flavor,83762.7050027082,1484
Carolina Beverage Corporation,68262.6244958623,1484
Carvajal S A ,42500,1484
Catawissa Bottling Co ,80949.9358151476,1484
Cawy Bottling Company Inc ,48975.6637168142,1484
Cbi International,90151.7571884984,1484
Ccr International  Inc ,88362.6495726496,1484
Cerveceria India Inc ,96995.9648945829,1484
Chersi Corporation,55000,1484
Chica Bella  Inc ,76267.7975191599,1484
Chicago Importing Co ,55528.6561264822,1484
Choice USA Beverage  Inc ,35230.5346250448,1484
Chris Webb,140000,1484
Cinemaware Corporation,2500,1484
Clover Club Bottling Company Inc ,73809.5296184249,1484
Coastal Brewing Company LLC,83746.8722253612,1484
Coca Cola Bottling Co  Of Ny,70282.6942318497,1484
Coca Cola Bottling Company of Northern New England  Inc ,65570.8105395232,1484
Coca Cola Bottling southwest,37500,1484
Coca Cola USA Operations,66305.2778325513,1484
Cock N Bull Ltd ,73088.1214827687,1484
Colavita USA  LLC,64447.9281794738,1484
Cold Spring Brewing Company,82639.6984924623,1484
Columbia Soda Works,65000,1484
Compagnie Fermiere grandes,27500,1484
Concord Beverage Company,71686.0846963357,1484
Conner Bottling Works,77389.3402264894,1484
Cool Mountain Beverages Inc ,74589.5080023711,1484
Core Nutrition  LLC,67719.7504069452,1484
Cott Beverages Wyomissing Inc ,51896.539889551,1484
Country Breeze Ventures LLC,82002.7247956403,1484
Crown Door Corp ,85000,1484
Crown Valley Winery  Inc ,59200.1665741255,1484
Crystal Geyser Water Company,74333.7700445984,1484
Cumberland Farms Dairy Inc,68292.2824302135,1484
Custom Packaging Corp ,59290.9265702252,1484
Cuzcatian Partners  LLC,55000,1484
DIABOLO BEVERAGE CO   LLC,84990.2506963788,1484
DP Beverages  Inc ,30683.7891927952,1484
DPS Holdings Inc ,106368.048897411,1484
Dads Root Beer Company Div,58651.8103387314,1484
Danone Waters of America  Inc ,37764.4110275689,1484
Day s Beverages Inc ,35566.889632107,1484
Del Monte Franchise Beverages,72650.809220206,1484
Delhaize America  Inc ,72537.9422529484,1484
Double Cola Company  USA ,69423.0860666109,1484
Dr  Pepper Seven Up  Inc ,64579.5114615625,1484
Dr Brown s Beverage Division,73307.1580451041,1484
Druthers Beverage Company,106000,1484
Dry Soda Co ,84583.3723876625,1484
Dublin Bottling Works,67925.7370424204,1484
Durango Soda Company Inc ,65832.5985863095,1484
E  Formella   Sons  Inc ,88834.5474922948,1484
E  I  Du Pont automotive Prods,40506.0120240481,1484
Elegant Music,32500,1484
Elizabeth Beverage Company  LLC,36943.0102752759,1484
Embotelladora La Cascada  S A ,64208.1632653061,1484
Energy Beverages LLC,62497.0846053511,1484
Epicurean Food and Beverages,80222.6632592029,1484
Eurobubblies Inc ,75660.5237177378,1484
Excel Beverage LLC,71826.710816777,1484
F  X  Matt Brewing Co ,86653.8042632644,1484
Family Dollar Stores Inc ,40782.6086956522,1484
Fareway Stores  Inc ,65137.0132424282,1484
Faygo Beverages Inc ,50074.3593177484,1484
Ferolito Vultaggio   Sons,50791.8155367615,1484
Filbert s Dist    Bottling Co   Inc ,67380.5794831637,1484
Finest Food Distributing Co ,116233.829958069,1484
Fizzy Lizzy  LLC,62825.1868890167,1484
Food Market Management  Inc ,89357.813271859,1484
Food Town Stores Inc ,52851.5317001075,1484
Foodtown  Inc ,82849.2484526967,1484
Foxon Park Beverages  Inc ,101821.288014311,1484
Franks Beverages Company,42500,1484
Frozen Run Bottling Works  Inc ,59317.6841834106,1484
Fuel Energy Beverage,32500,1484
Funktional Beverages  Inc ,26723.4567901235,1484
Fuze Beverage LLC,36066.702186168,1484
GURU Beverage Co,98910.4604286017,1484
Georgia Peach Products  Inc ,85000,1484
Giant Eagle  Inc ,53616.3966800993,1484
Ginseng Up Corporation,47425.7349438108,1484
Glaxosmithkline Consumer Healthcare  Lp ,65000,1484
Glencourt Inc ,87960.0622920648,1484
Global Beverage Enterprises  Inc ,49857.7034365215,1484
Go Fast Sports   Beverage Co ,82996.2108547866,1484
Golden Global Goods  Inc ,94166.6666666667,1484
Good O Beverages Inc,71238.248485056,1484
Gosling Brothers Limited,89390.0104196011,1484
Goya Foods  Inc ,68359.116374228,1484
Grand Prix Trading Corp ,21457.7836411609,1484
Gray Brewing Co ,78708.1572960676,1484
Great Lakes Beverages Corp,37500,1484
Guayaki Herbal Products,76052.8702518139,1484
H E Butt Grocery Company,64639.9640782856,1484
Haggen Inc ,37500,1484
Hank s Beverage Company,71213.8447707522,1484
Hannaford Bros  Co ,51657.6086192598,1484
Harris Teeter Inc ,73653.7311431445,1484
Harvest Hill Beverage Company,42500,1484
Healthy Sweets  Inc ,40000,1484
Hiball Inc ,79501.9851891506,1484
Hip Hop Beverage Corporation,46987.4932028276,1484
Hitond Enterprises  Inc ,22500,1484
Hot Stop Foods,57620.0241254523,1484
Hotlips Pizza,131045.256230126,1484
Hy Vee  Inc ,60326.631961755,1484
Iberia Foods Corporation,30132.5088339223,1484
Ideasphere Inc ,76039.6323951752,1484
Iga  Inc ,29839.9245628072,1484
Imperial Flavors  Inc ,69387.9314327958,1484
Indian Wells Companies,46775.0154416306,1484
Ingles Markets Inc ,45597.5988408197,1484
Inspiration Beverage Company LLC,83777.2049611302,1484
Intercontinental Packaging Company,64928.5562519919,1484
International Beverage Ventures,74015.1793928243,1484
International Trademarks Inc ,89519.9548192771,1484
Interstate Softdrink Corporation,112927.877947295,1484
Intrastate Distributors  Inc ,76267.7537204994,1484
Ironbeer Soft Drink Inc ,47809.5238095238,1484
Ithaca Beer Co   Inc ,102890.82278481,1484
JFC International Inc ,84936.9318231058,1484
Japanese Food Express  Inc ,82875,1484
Jarritos  Inc ,73891.8511717761,1484
Jerusalem Water Company  Inc ,63415.1988968962,1484
John Barritt   Son Ltd ,83219.2761274394,1484
Joseph Charles Bottling Works,92986.6632469864,1484
Joseph Huber Brewing Company,31236.9616072657,1484
KIDDIE KIDDIE LLC,140000,1484
Kewaunee Bottling Co  Inc ,45373.5737946264,1484
Key Food Stores Co Operative  Inc ,56587.3130997545,1484
Kill Cliff  LLC,70372.8991596639,1484
Kingston Marketing Co,51850.579806485,1484
Kingston Miami Trading Co ,55887.6786929884,1484
Knudsen   Sons Inc,70526.2970114171,1484
Kola Colombiana Inc,51658.1420428285,1484
Krier Foods  Inc ,77980.2550925639,1484
Kuechenberg Marketing Group,73173.5159817352,1484
Kutztown Bottling Works Inc ,51798.1867779204,1484
L J Williams Limited,98016.2007623888,1484
LA Bottleworks  Inc ,68663.7066319376,1484
La Galvanina S P A ,85024.4869901559,1484
Levity Enterprises Inc ,66603.5758323058,1484
Lipton,85000,1484
Liquid Management Partners  LLC,140000,1484
Litehouse Inc ,77677.3452713572,1484
Louisburg Cider Mill  Inc ,50781.2284334023,1484
Lowe s Food Stores  Inc ,56693.1875525652,1484
MOON SHOT ENERGY LLC,54135.893648449,1484
Manantiales Penafiel S A ,22500,1484
Manhattan Special Bottling,43954.0277777778,1484
Market Basket Inc ,63962.2067948054,1484
Mati Inc ,52349.5103686636,1484
McKesson Water Products Company,52849.4623655914,1484
Meijer  Inc ,60463.0898800525,1484
Milca Bottling Company,121535.714285714,1484
Millstream Investments  Inc ,60609.88323603,1484
Miron Beverages  LLC,65000,1484
Molson Coors Brewing Company,70890.4413585853,1484
Monogram Food Solutions LLC,45694.2078364566,1484
Monster Energy Company,64988.5759428256,1484
Mott s LLP,70679.7770690078,1484
Mountain Valley Spring Company LLC,76855.7586559976,1484
Multicom Publishing Incorporated,17500,1484
Nash Finch Company,61682.9601942122,1484
Natrona Bottling Company,73029.1128810766,1484
Nestle Waters North America Inc  arrowhead,93123.8760547793,1484
Nestle Waters North America Inc  deer Park,66071.5268225585,1484
Nestle Waters North America Inc  ice Mtn ,63987.7517691889,1484
Nestle Waters North America Inc  ozarka,85000,1484
Nestle Waters North America Inc  perrier,96049.2517245585,1484
Nestle Waters North America Inc  poland Spring,68844.298245614,1484
New Age Beverages Corporation,57300.4728343296,1484
Nonno Soda Works LLC,80440.2068519716,1484
Nor Cal Beverage Co   Inc ,22500,1484
North American Beverage Corporation,76460.3848946986,1484
O So Beverages Inc ,27500,1484
OPA  Originals  Inc ,102500,1484
Ocean Spray Cranberries  Inc ,83802.7869822485,1484
Old Towne Beverages LLC,71097.3541383989,1484
Old World Quality Foods  LLC,55000,1484
Olde Philadelphia Soda Company LLC,50766.5721375399,1484
Omnipak Imports Enterprises,85000,1484
Orca Beverage Co ,71573.8234994247,1484
Original New York Seltzer  LLC,84853.6758519142,1484
P A  Cha Fong   Assocs ,37500,1484
Pabst Brewing Company,89697.4994634042,1484
Pay and Save  Inc ,23649.5190656132,1484
Pepsi Cola North America Inc ,61099.9464721438,1484
PepsiCo  Inc ,83555.4054371796,1484
Piggly Wiggly Company,29275.8556269616,1484
Polar Corporation,81538.3514654241,1484
Price Chopper Supermarkets,43393.1949509116,1484
Publix Super Markets  Inc ,65286.6202768016,1484
Pursuit Beverage Company LLC,53333.3333333333,1484
Q Tonic LLC,82909.1266418456,1484
Quisling Media,37500,1484
Raley s,96047.8693710458,1484
Rapunzel Pty Ltd ,140000,1484
Real Soda in Real Bottles  Ltd,106864.295125165,1484
Red Bull North America  Inc ,70550.6346708494,1484
Reed s  Inc ,81608.1240717468,1484
Reggae Imports Ltd ,67525.4171028399,1484
Rio Grande Product  Inc ,61250,1484
Rite Aid Corporation,49548.8634606464,1484
River City Brands  LLC,61272.4736515809,1484
Rockstar Inc ,55391.5432749323,1484
Rocky s Beverages LLC,140000,1484
Royal Crown Company  Inc ,64676.7606509913,1484
S  M  Flickinger Co   Inc ,43583.5440575763,1484
S  M  Jaleel   Co  Ltd ,82452.0165820774,1484
S  Martinelli   Co ,97237.0724322278,1484
SPB  LLC,82848.3173503818,1484
Sabatini s Frozen Pizza Inc ,22500,1484
Safeway  Inc ,60901.4231227811,1484
Saint Arnold Brewing Company,88045.7883369331,1484
Salud Beverages LLC,27500,1484
Sambazon  Inc ,73970.3400319554,1484
Sangaria U S A   Inc ,74830.8755463154,1484
Sanpellegrino Usa  Inc ,93821.3377017368,1484
Santa Cruz Natural,67920.0503538902,1484
Saratoga Dairy  Inc ,38085.9659199694,1484
Saratoga Springs Mineral Water,105864.394563427,1484
Save Mart Supermarkets Inc ,37500,1484
Sazerac Company  Inc ,85000,1484
Sea Dog Brewing Co ,85000,1484
Sears  Roebuck and Co ,56260.9693041547,1484
Select Canfield Enterprises LLC,72222.3870553329,1484
Shadow Beverages   Snacks  LLC,49520.0050327126,1484
Shasta Beverages,51842.8918762073,1484
Shinola Detroit  LLC,66892.0595533499,1484
Silk Road Soda Company  Inc,70639.0214797136,1484
Sipp Eco Beverage Co   Inc ,54914.6110056926,1484
Smart   Final Iris Corporation,62648.7247551745,1484
Societe Commerciale Des Eaux,128937.027707809,1484
Societe Generale grandes,66755.980861244,1484
Solvi Acquisition LLC,99699.2818671454,1484
Southern Beverage Packers  Inc,31397.4749673487,1484
Sparkling Ridge LLC,55181.9322459222,1484
Specialty Beverages Inc ,55000,1484
Sprecher Brewing Company  Inc ,89202.4659984324,1484
Spring Grove Soda Pop  Inc ,108129.20170854,1484
Spritz O LLC,37500,1484
Star Lite Incorporated,97038.235821163,1484
Stark Group International  Inc ,140000,1484
Stater Bros  Markets Inc ,85567.7907777013,1484
Stew Leonards,140000,1484
Stewart s Rootbeer,79801.6582350954,1484
Super Store Industries,69429.0465126873,1484
Supervalu  Inc ,51368.5086108883,1484
Swamp Pop LLC,78969.4966907228,1484
Switch Beverage Company,34166.6666666667,1484
Talking Rain Beverage Co   Inc,61031.0463779226,1484
Target Stores,50628.7878787879,1484
Tedeschi Food Shops  Inc ,27500,1484
The American Bottling Company,59648.4749961294,1484
The Coca Cola Company,59413.3663366337,1484
The Federated Group  Inc ,48167.530224525,1484
The Fitz s Root Beer Company,88333.3103859746,1484
The Fresh Market  Inc ,90000,1484
The Great Atlantic   Pacific Tea Company  Inc ,42500,1484
The Johnnie Ryan Co  Inc ,60600.401009951,1484
The Kroger Co ,54206.4722045696,1484
The Masters of Beverages  LLC,44000.4741583689,1484
The Monarch Beverage Company  Inc ,68231.1009416527,1484
The Moran Group Incorporated,33741.726844584,1484
The Veri Soda Company  Inc,76289.0546569994,1484
Topco Associates  Inc ,36935.685619584,1484
Tops Markets  LLC,55167.4811431,1484
Tri City Beverage Corp ,28044.2251168468,1484
Triple XXX Root Beer Corporation,30000,1484
Twig s Beverage Incorporated,79096.2962962963,1484
Tyson Foods  Inc ,56380.5539526832,1484
U K  Imports Inc ,26750,1484
Ueshima Coffee  UCC Hawaii  Corp,65999.9015360378,1484
Unified Grocers  Inc ,86484.8229342327,1484
United Dairy Farmers Inc,52312.5,1484
United Natural Foods  Inc ,94777.1068859198,1484
United World Imports Inc ,47500,1484
Universal Beverages  Inc ,76784.4903712258,1484
Universal Flavor Corporation,55264.3830545536,1484
Usa Beverage  Inc ,74378.4378573097,1484
Utah Brewers Cooperative  L C ,22500,1484
Utmost Brands  Inc,96340.3714067667,1484
Vancol Industries  Inc ,11000,1484
Vess Beverages  Inc ,76216.7794548743,1484
Vibe Cola LLC,116114.599686028,1484
Vignette Soda LLC,32500,1484
Vuka LLC,60657.4675324675,1484
WHIP LLC,91771.8160377358,1484
WIT Group,89000.0930326968,1484
Waialua Soda Works Inc ,121662.779850746,1484
Wakefern Food Corporation,79474.4190905864,1484
Wal Mart Stores  Inc ,50566.4921267512,1484
Walgreens Co ,58794.5582984009,1484
Walong Marketing  Inc ,51827.3084479371,1484
Wegmans Food Markets  Inc ,71143.1081247688,1484
Weis Markets  Inc ,66698.3701380281,1484
Welch Foods Inc,70892.8923957122,1484
Western Family Foods  Inc ,48869.8072570636,1484
White Dove Concepts,42500,1484
White Rock Products Corp ,56474.6844208443,1484
Whole Foods Market  Inc ,97428.1985708447,1484
Wienke s Inc ,65000,1484
Wilbur Ellis Company,39304.1237113402,1484
Winn Dixie Stores  Inc ,55972.95732123,1484
Winnsboro Beverage Packers,65743.2703897147,1484
Winter Brook Corporation,92958.7093564567,1484
Wis Pak  Inc ,66513.8827812605,1484
Wisco Pop,41236.5814559299,1484
Wismettac Asian Foods  Inc ,68368.1153245278,1484
Wisynco Group Limited,85000,1484
Yein USA Inc ,60181.790406355,1484
Yoshida Foods International Limited Partnership,49825.1748251748,1484
ZB Importing Inc ,76413.0434782609,1484
,77306.2306983661,1484
8th Avenue Food   Provisions  Inc ,80391.7191429814,1344
A  C  Nielsen Company,71214.1940261664,1344
Ahold USA  Inc ,77837.1442414084,1344
Aldi Inc ,67228.9025605085,1344
Associated Wholesale Grocers  Inc ,47560.5904659364,1344
B T T R  Ventures LLC,84032.0401435554,1344
Back To Nature Foods Company  LLC,80091.942473152,1344
Bay Valley Foods  LLC,63494.5845926574,1344
Benefit Nutrition,123872.377622378,1344
Big Y Foods  Inc ,74526.0907833522,1344
Bob s Red Mill Natural Foods  Inc ,73624.813266901,1344
Brookshire Grocery Company,58985.3768278965,1344
Bruno s Supermarkets  Inc ,48997.4392863043,1344
Cadia,85000,1344
Central Grocers Co Op  Inc ,68757.8616352201,1344
Coblentz Distributing  Inc ,85000,1344
Deep Foods Inc ,85000,1344
Dierberg s Markets  Inc ,72480.3459119497,1344
EDUFOODS  LLC,61365.4858784107,1344
Eastland Food Corporation,109068.702290076,1344
Family Dollar Stores Inc ,36694.4208457491,1344
Fareway Stores  Inc ,70955.9306358381,1344
Fiesta Mart Inc ,19250,1344
Food For Life Baking Co Inc,87252.3897159809,1344
Food Town Stores Inc ,63205.7241970518,1344
Foodtown  Inc ,72755.1533433886,1344
Fred Meyer  Inc ,80831.7895516858,1344
Fred s  Inc ,43605.2631578947,1344
From the Fields ,140000,1344
General Mills  Inc ,74069.6396586822,1344
Giant Eagle  Inc ,68087.5144399332,1344
Gilster Mary Lee Corporation,54366.4287891631,1344
Gilster Marylee  C o Ko Pak Inc ,47537.4937091092,1344
Glencourt Inc ,82523.3556789038,1344
Global Juices and Fruits  LLC,69892.0236851271,1344
Green Chemical Products Inc ,60028.587948092,1344
H E Butt Grocery Company,72961.2577530837,1344
Hannaford Bros  Co ,67237.0769519639,1344
Harris Teeter Inc ,85736.3869537513,1344
Hodgson Mill Inc,22500,1344
Hy Vee  Inc ,69204.533500281,1344
Iga  Inc ,44537.3653110879,1344
Ingles Markets Inc ,50743.0172463852,1344
Jasper Popcorn Company,55778.3783783784,1344
KIND Inc ,93255.6688767863,1344
KSLB Holdings  LLC,78935.8087639004,1344
Kashi International Corporation,82465.8428478541,1344
Kay s Naturals  Inc ,114048.780868047,1344
Kellogg Company,73376.2459115639,1344
Kemach Food Products Corp ,21256.6765578635,1344
Key Food Stores Co Operative  Inc ,49453.2378430429,1344
Kingston Marketing Co,55930.2901976233,1344
Kraft Heinz Foods Company,39796.59173314,1344
Lieber Chocolate   Food Products Co ,118108.997805413,1344
Living Intentions  LLC,85307.1393563143,1344
Love Grown Foods  LLC,75256.2708933718,1344
Lowe s Food Stores  Inc ,87112.6279863481,1344
Madame Gougousse Foods Corp ,3554.03386454183,1344
Magi Foods LLC,83455.2356849098,1344
MagicTime Int l  LLC,55388.3071553229,1344
Market Basket Inc ,69117.2111134162,1344
Meijer  Inc ,63819.1163632223,1344
Mr  Beverages Old Time Cocktail Mixes,113160.253031102,1344
Muesli Fusion  Inc ,91104.6053926392,1344
Nash Finch Company,52790.5056873292,1344
Newman s Own  Inc ,76697.0842332613,1344
Organic Milling Company,49412.4241624901,1344
Palmex Alimentos  S A  De C V ,27500,1344
Peruvian Import Company,67851.0028653295,1344
Piggly Wiggly Company,73198.0012022843,1344
Post Consumer Brands  LLC,67971.8962055916,1344
Price Chopper Supermarkets,72093.5371911702,1344
Public Label Brands  Inc ,85000,1344
Publix Super Markets  Inc ,72544.9320663499,1344
Purely Elizabeth,83336.6872372775,1344
R A B  Food Group  LLC,88731.3029374662,1344
Raley s,81128.1323027144,1344
Rose Of Galilee Chocolat candy,61281.8044285518,1344
Royal Wine Corporation,85792.097685827,1344
S  M  Flickinger Co   Inc ,48697.7162190738,1344
Safeway  Inc ,69274.3114502694,1344
Save Mart Supermarkets Inc ,65421.4811335525,1344
Schnuck Markets  Inc ,73466.5690751688,1344
Security Symbols Inc ,99829.9007979297,1344
Seitenbacher,90718.248935592,1344
Selecto Productos S A  De C V ,23818.1818181818,1344
Seven Sundays  LLC,120663.102148895,1344
Small Planet Foods  Inc ,79282.7281382472,1344
Smart   Final Iris Corporation,82329.1627788616,1344
Star Markets Co ,62797.2185430464,1344
Stater Bros  Markets Inc ,76458.7929404349,1344
Super Store Industries,89237.5128922941,1344
Supervalu  Inc ,67050.0598899238,1344
Target Stores,74352.2781235962,1344
The Carrington Tea Company LLC ,33970.5882352941,1344
The Federated Group  Inc ,46806.2339242747,1344
The Great Atlantic   Pacific Tea Company  Inc ,65000,1344
The Hain Celestial Group  Inc ,78486.2893182633,1344
The Kroger Co ,64959.8912472629,1344
The Moran Group Incorporated,49766.7889414949,1344
The Quaker Oats Company,76246.7526770639,1344
The Silver Palate  Inc ,67038.2404265633,1344
Topco Associates  Inc ,57831.3508579564,1344
Tops Markets  LLC,67855.7066039425,1344
Transnational Foods  Inc ,29785.6196156395,1344
Unified Grocers  Inc ,5856.65747157371,1344
United Natural Foods  Inc ,80539.817232376,1344
Urban Foods LLC,65000,1344
V Patel   Sons Inc,108635.144198524,1344
Wakefern Food Corporation,74876.2950747627,1344
Wal Mart Stores  Inc ,59489.8782662846,1344
Walgreens Co ,58499.7249220613,1344
Wegmans Food Markets  Inc ,87564.759467549,1344
Weis Markets  Inc ,68421.2682725963,1344
Western Family Foods  Inc ,55361.314330157,1344
White Rose Food Corp ,67020.7373271889,1344
Whole Foods Market  Inc ,98213.7891170234,1344
Wholesome Goodness  LLC,67892.8571428571,1344
Winco Foods  Inc ,59204.2046478644,1344
Winn Dixie Stores  Inc ,70945.1014515682,1344
,83158.0826206163,1344
Advanced Tobacco Products,140000,7460
Alternative Cigarettes  Inc ,60083.9638309651,7460
Birdtown Enterprises  Inc ,15830.4027463786,7460
Brown   Williamson Tobacco Corp,46177.4435527183,7460
Cheyenne International  LLC,36277.0093811354,7460
Cigarrera La Moderna  Sa De Cv,85000,7460
Commonwealth Brands  Inc ,44668.2373910935,7460
Dosal Tobacco Corporation,48811.5417037638,7460
Farmer s Tobacco Company Of Cynthiana  Inc ,42653.1571819025,7460
General Jack s Incorporated,42500,7460
Harvard Imports  Inc ,44351.3745704467,7460
ITG Holdings USA  Inc ,57405.6551779472,7460
Japan Tobacco Inc ,48492.2425354453,7460
King Maker Marketing Inc ,35668.7241254069,7460
King Mountain Tobacco Company Inc ,63447.9314496331,7460
Liggett Group LLC,49615.4834559906,7460
Lignum 2 Inc ,14389.7982152906,7460
Lorillard Tobacco Company,45820.6733921661,7460
Marketing Group USA Inc ,140000,7460
Marketing Management  Inc ,61346.0540340146,7460
Munger Valley Alaskan Sea Food,11000,7460
Native Trading Associates,57133.7604089235,7460
Philip Morris USA Tobacco Products,61488.9797116881,7460
Premier Manufacturing  Inc ,43375.8861357729,7460
R J  Reynolds Tobacco Company Inc ,61638.9161251225,7460
S   M Brands Inc ,41162.9047805251,7460
Santa Fe Natural Tobacco Co   Inc ,64455.1322292647,7460
Seneca Cayuga Tobacco Co ,110023.99934917,7460
Shermans 1400 B Way Nyc Ltd,132147.377938517,7460
Smithfield Distributors,42500,7460
Smokin Joes,45827.1097834205,7460
Starion  LLC,55000,7460
The American Tobacco Company,59010.9355328379,7460
The Medallion Company  Inc ,65000,7460
US Flue Cured Tobacco Growers  Inc ,43502.6507608999,7460
Vector Tobacco  Inc ,78994.3167013374,7460
Xcaliber International LTD  LLC,40626.0536526626,7460
,44362.8823790982,7460
7 Eleven  Inc ,37333.3333333333,3603
Agri Mark  Inc ,77240.8855192505,3603
Agri Service LLC,105249.603803487,3603
Ahold USA  Inc ,87813.3976121907,3603
Aldi Inc ,70929.8852031722,3603
Alpina Productos Alimenticios,106220.130340333,3603
Anderson Erickson Dairy Co ,72300.1458386951,3603
Annabella Buffalo Creamery  LLC,131737.979346182,3603
Aqualink Nevada  LLC,140000,3603
Arizona Chile Pepper Co ,77019.7674418605,3603
Associated Wholesale Grocers  Inc ,47105.1785678578,3603
AtlantaFresh Artisan Creamery,95759.185480301,3603
Auburn Dairy Products Inc ,68002.541299996,3603
BJ s Wholesale Club   Corporate Brands,96701.028910536,3603
Belfonte Ice Cream,60526.0926776022,3603
Bellwether Farms  LLC,106535.326220561,3603
Belstel Foods  Inc ,109289.0625,3603
Besnier S A ,140000,3603
Big Y Foods  Inc ,86904.6107584363,3603
Borden  Inc ,77104.5002760906,3603
Borden Dairy Company,52342.2827628114,3603
Bruno s Supermarkets  Inc ,65231.6044966786,3603
Butterworks Farm LLC,140000,3603
Byrne Dairy Inc ,91025.1545812254,3603
Caito Foods Service  Inc ,17500,3603
Castellini Company LLC,63750,3603
Chobani  Inc ,82986.0346025092,3603
Clover Stornetta Farms  Inc ,107704.786922549,3603
Commonwealth Dairy  LLC,92150.7563246452,3603
Cooperative Regions of Organic Producer Pools,85284.8489576402,3603
Costco Companies Inc ,89795.0246975725,3603
Country Fresh Inc ,35414.3411793254,3603
Cream O Land Dairy,131208.835341365,3603
Danone US  LLC,78450.5956960643,3603
Darigold  Inc ,94746.8249585864,3603
Dean Foods Company,63458.1187961144,3603
Deep Foods Inc ,68702.5081626595,3603
Del Monte Foods Inc ,85000,3603
Del Monte Fresh Produce N A   Inc ,83661.3715614103,3603
Delhaize America  Inc ,73633.1724581725,3603
Dreaming Cow,81540.4006904598,3603
Dutch Farms Inc ,47932.4894514768,3603
Ehrmann USA  LLC,57166.3275141909,3603
Elmhurst Milk   Cream Co Inc ,76335.5935971543,3603
Erivan Dairy,42500,3603
FRESH IDEATION FOOD GROUP LLC,140000,3603
Fairway Operating Corp ,67662.980209546,3603
Fareway Stores  Inc ,67779.5180722892,3603
Five Acre Farms,10985.9110832812,3603
Flash Tek Inc ,55000,3603
Food Town Stores Inc ,61366.285732668,3603
Foodtown  Inc ,56690.2207551063,3603
Forager Project  LLC,76889.9468571956,3603
Foster Dairy Farms,18511.0701107011,3603
Fresh Direct  LLC,85000,3603
GSK Holdings  Inc ,44282.7393286366,3603
Gaymont Laboratories,140000,3603
General Mills  Inc ,76007.4314970171,3603
Georgia Peach Products  Inc ,85302.1201413427,3603
Gevina Farms Inc ,116792.531120332,3603
Giant Eagle  Inc ,78432.9859265478,3603
Glencourt Inc ,78894.8876180581,3603
Grace Harbor Farms  Inc ,140000,3603
H E Butt Grocery Company,76854.7060391876,3603
HP Hood LLC,70757.570732454,3603
Hain Refrigerated Foods Inc ,72943.6030696092,3603
Hannaford Bros  Co ,66240.4838908297,3603
Harris Teeter Inc ,84304.7577170292,3603
Hawthorne Valley Farm,47500,3603
Healthy Mom  LLC,56392.23265231,3603
Hiland Dairy Inc ,61455.9788669311,3603
Hollandia Dairy Inc ,85000,3603
Hy Vee  Inc ,76141.3361407109,3603
Icelandic Provisions  Inc ,91095.7375420856,3603
Imperial Foods Inc ,85000,3603
Ingles Markets Inc ,77161.4128799278,3603
Intracorp Entertainment,47500,3603
Ithaca Milk,140000,3603
J   J Dairy Products Inc ,60835.9219979473,3603
Johanna Foods  Inc ,70598.4916053163,3603
Karoun Dairies Inc ,75482.8972957399,3603
Kemps LLC,48634.5181674566,3603
Key Food Stores Co Operative  Inc ,81190.0419982317,3603
Kingston Marketing Co,91832.485271224,3603
Klondike Cheese Company,65454.3987954399,3603
Kradjian Importing Co   Inc ,60421.2635001742,3603
Krinos Foods Inc ,55000,3603
Kwik Trip  Inc ,45297.2626176219,3603
Land O Lakes,27500,3603
Land O Lakes  Inc ,56617.9254055171,3603
Loffredo Fresh Produce Co  Inc ,85000,3603
Los Chileros De Nuevo Mexico,76790.4475043029,3603
Lowe s Food Stores  Inc ,61139.1096979332,3603
Ludwig Dairy Imports  Inc ,47500,3603
Lyrical Foods  inc,80402.5615876494,3603
M E A   Co  Inc ,88401.5419338087,3603
Maple Hill Creamery,97684.3925247153,3603
Market Basket Inc ,81050.7437292302,3603
Marquez Brothers International  Inc ,44786.2796833773,3603
Mehadrin Dairy Corporation,120766.227560846,3603
Meijer  Inc ,78629.9436397794,3603
Merchants Distributors Inc ,41367.9262844378,3603
Mozian   Associates  Inc ,105391.966552188,3603
Nash Finch Company,43425.3537424633,3603
New Nordic Dairy Inc,107608.514190317,3603
Noga Dairy Inc ,92757.5107296137,3603
Noosa Yoghurt  LLC,80490.5787935911,3603
Norman s Dairy Corp ,48799.9929213563,3603
Nutricopia  Inc ,72617.600422833,3603
Old Chatham Sheepherding Creamery LLC,117704.884700029,3603
Old Home Foods Inc,73230.946701803,3603
POWERFUL MEN  LLC,73705.2229592928,3603
Pac Fill  Inc ,68038.5836143622,3603
Papa John s Salads   Produce,75108.6956521739,3603
Paradise Eximport  Inc ,55000,3603
Pavel s Yogurt Lucas Foods Co ,34072.3659642571,3603
Pecos Pete Foods  Inc ,102613.157894737,3603
Philos Foods  LLC,22500,3603
Polonica Inc ,122083.333333333,3603
Prairie Farms Dairy  Inc ,59445.7889071352,3603
Price Chopper Supermarkets,72139.2402217893,3603
Producers Dairy Foods  Inc ,33248.0791962175,3603
Publix Super Markets  Inc ,72984.2997324842,3603
Purblu Beverages  Inc ,125007.849293564,3603
Purist Foods,87257.1939211366,3603
Quality Chekd Dairies  Inc ,85000,3603
Quality Products  Inc ,67556.5369001107,3603
Redwood Hill Farm   Creamery  LLC,78994.3665806066,3603
Renaissance Food Group  LLC,79959.9009134541,3603
Rockview Dairies Inc ,84500,3603
Romis Farm Products Corp ,140000,3603
Ronnybrook Farm Dairy  Inc ,33293.6507936508,3603
Roonka Australia Pty  Ltd ,140000,3603
Russ Davis Wholesale,80820.5015398152,3603
S  M  Flickinger Co   Inc ,65051.9868356899,3603
Safeway  Inc ,70845.7192699091,3603
Saga Dairy  Inc ,98474.5530112923,3603
Saputo Dairy Foods USA  LLC,85000,3603
Schnuck Markets  Inc ,61374.1725699687,3603
Seven Stars Farm,107981.293018024,3603
Sierra Nevada Cheese Co ,53338.7308976824,3603
Smari Organics,88798.9091167517,3603
Smith s Food   Drug Centers Inc ,67997.3799126638,3603
Smithfield Packaged Meats Corp ,72531.3404050145,3603
Snowville Creamery,73374.9347258486,3603
Soofer Co  Inc ,17500,3603
Springfield Creamery Inc ,70847.3860559049,3603
Stater Bros  Markets Inc ,59282.3649653122,3603
Stoltzfus Family Dairy,115311.787421846,3603
Stonyfield Farm Inc,83947.5624412405,3603
Strategic Studies Group,74637.0812475934,3603
Straus Family Creamery,102915.790187305,3603
Sun Valley Dairy,82714.5726444736,3603
Super Store Industries,77331.1397126908,3603
Supervalu  Inc ,64617.4394606679,3603
TSC Emerald Valley LLC,100933.289873968,3603
Target Stores,79354.3960384173,3603
Tarte Foods  LLC,77673.4909244407,3603
Taylor Fresh Foods  Inc ,68178.8995158815,3603
Thaitoy Company Limited,45993.6249633016,3603
The Fresh Market  Inc ,85249.0732159407,3603
The Hain Celestial Group  Inc ,66465.9366285513,3603
The Icelandic Milk and Skyr Corporation,95830.5278698512,3603
The Kroger Co ,70640.7152607535,3603
The Moran Group Incorporated,43570.0545438928,3603
The Quaker Oats Company,83981.7749603804,3603
The Yofarm Company,82904.1432163269,3603
Tillamook County Creamery Association,78011.6086753866,3603
Topco Associates  Inc ,63986.4041559548,3603
Tops Markets  LLC,70419.1544680936,3603
Trimona Foods Inc,86454.8693586698,3603
U S  Gold,140000,3603
Unified Grocers  Inc ,9000,3603
Upstairs Software Inc ,90856.8205040872,3603
Upstate Niagara Cooperative  Inc ,67197.7443965313,3603
Wakefern Food Corporation,88949.0134106978,3603
Wal Mart Stores  Inc ,64731.0946795013,3603
Walgreens Co ,62575.9493670886,3603
Wawa Incorporated,83750,3603
Wegmans Food Markets  Inc ,92191.5455467018,3603
Weis Markets  Inc ,79500.2346365881,3603
West Coast Grocery Company,52342.0575343846,3603
Western Family Foods  Inc ,61573.4296338984,3603
Whole Foods Market  Inc ,108730.324030004,3603
Winco Foods  Inc ,70227.6705677091,3603
Winn Dixie Stores  Inc ,71225.283627844,3603
Yoplait USA,74574.0866680343,3603
ZB Importing Inc ,94618.9649731777,3603
Zen Monkey LLC,84650.5012682691,3603
Zilks Foods LLC,140000,3603
Zodiez,89421.797795515,3603
,89703.1258938783,3603
BWX Brands USA  Inc ,85000,8554
Carme  Inc ,55000,8554
Cheatham Chemical Co ,62849.3788819876,8554
Cilag GmbH International,91392.0079195499,8554
Coty Inc ,69672.0006702413,8554
DeMert Brands Inc ,22500,8554
Deva Concepts LLC,119683.818626361,8554
Diversified Products,68711.2223131601,8554
Dr  Miracles LLC,37500,8554
Farouk Systems Inc ,61852.8244166192,8554
Frederic Fekkai,104581.893572909,8554
GBG USA Inc ,34166.6666666667,8554
Garnier Inc ,61821.165545222,8554
Hatch LLC,76497.6667237902,8554
Inspired Beauty Brands  Inc ,67704.4025157233,8554
JCS Beauty Holdings  LLC,47500,8554
Jade Drug Co ,140000,8554
L Oreal U S A   Inc ,64237.1907171343,8554
Murray s Worldwide Inc ,85000,8554
Nexxus Products Company,72180.9847385051,8554
Parfums De Coeur Ltd ,32500,8554
Pro s Choice Beauty Care  Inc ,30037.8018505981,8554
Salon Commodities,72593.7131050767,8554
Sundial Fragrances   Flavors  Inc ,59647.4773609314,8554
The Hain Celestial Group  Inc ,82861.7969821673,8554
The Procter   Gamble Company,70571.2883044368,8554
Tigi Linea  Corp ,109734.36322532,8554
Unilever Home and Personal Care USA,69444.5708755208,8554
,98946.3581674331,8554
10 Barrel Brewing  LLC,81400.6881104205,5000
21st Amendment,97352.5076071705,5000
5 Rabbit Cerveceria Inc,72756.2996202969,5000
638 Brewing Company  Inc ,72910.3763555178,5000
856 Brewing Company LLC,65538.557881553,5000
A  C  Nielsen Company,72189.1124871001,5000
Abita Brewing Co  Inc ,84551.2327566917,5000
Alamo Beer Company  LLC,51617.6918392205,5000
Alaskan Brewing  LLC,91605.8821773459,5000
Allagash Brewing Company  Inc ,95897.261584291,5000
Almax  S R O ,93291.4847161572,5000
Ambiance  Inc ,85000,5000
American Game Cartridges Inc ,47500,5000
American Metal Products Of South Florida Inc ,81742.3266388784,5000
American River Brewing Company  LP,104135.031234983,5000
American United Breweries Intl,128105.34835938,5000
Amtec International Of Ny Corp ,72371.6566558858,5000
Anchor Brewing Co ,108086.413161761,5000
Anderson Valley Brewing Company,140000,5000
Anheuser Busch InBev,59730.059311915,5000
Apollo Import Export,53351.0355815188,5000
Aqualink Nevada  LLC,112500,5000
Asahi Breweries Ltd,98839.1812149555,5000
Ashleigh  Inc ,103335.779082177,5000
Associated Microbreweries  Ltd ,93002.5752454531,5000
Atlas Brew Works LLC,129334.133309183,5000
August Schell Brewing Co,68682.6208277875,5000
Austin Beerworks LLC,122204.838709677,5000
Avery Brewing Company,112392.518146287,5000
B   B Fringe Corporation,140000,5000
BENT PADDLE BREWING COMPANY,55000,5000
BWBC  Inc ,85989.8667297532,5000
Backpocket Brewing  LLC,70107.6672104405,5000
Baderbrau  LLC,111444.568868981,5000
Badger State Brewing Company LLC,17500,5000
Banville   Jones Wine Merchants  Inc ,27500,5000
Bard s Tale Beer Company  LLC,58725.6976059129,5000
BarrelHouse Brewing Co ,140000,5000
Barrio brewing company,61426.83912692,5000
Base Camp Brewing Company  LLC,65000,5000
Bauhaus Brew Labs  LLC,99481.2044495589,5000
Bavaria Ltd ,88677.4406332454,5000
Baxter Brewing Co   LLC,140000,5000
Bayern Brewing  Inc ,47950.4616394057,5000
Bear Republic Brewing Co   Inc ,85000,5000
Bell s Brewery  Inc ,90853.2299870402,5000
Berkshire Brewing Co  Inc ,98324.0534521158,5000
BevSource  Inc ,108716.660298051,5000
Big Muddy Brewing,140000,5000
Big Top Brewing Company LLC,85000,5000
Binding Brauerei A G,89281.6890444017,5000
Birra Moretti S P A ,69045.0519830574,5000
Bitburger Brauerei Th  Simon,96939.6400843692,5000
Blake Street Brewing   Distrib,106905.015491867,5000
Blue Mountain Barrel House and Organic Brewery,103233.315392896,5000
Blue Pants Brewery LLC,55000,5000
Blue Point Brewing Co  Inc ,97086.9321395362,5000
Bluegrass Brewing Company  Inc ,121666.666666667,5000
Boon Rawd Trading Co Ltd,95270.3243892671,5000
Boost Oxygen LLC,140000,5000
Borgata Brewery   Distillery,120496.570548712,5000
Boston Beer Corporation,85996.1740762519,5000
Boulder Beer Company,125369.092790617,5000
Boulevard Brewing Company,38448.7690264583,5000
Brasserie De Tahiti S A ,140000,5000
Brasserie Nationale D Hati S A ,85000,5000
Braxton Brewing Company  LLC,27500,5000
Breakside Brewery,61399.2798559712,5000
Brew Detroit  LLC,22500,5000
Brewery Moortgat N V ,85000,5000
Brewhouse Concepts Land   Management Inc ,103103.528319406,5000
British West Indies Trading Company,101389.268995319,5000
Brittany Records,55000,5000
Bucks County Brewery  Inc ,140000,5000
Budoff Outdoor Furniture  Inc ,140000,5000
Bull Falls Brewery,98338.1977380518,5000
Burns House Limited,99438.7151865475,5000
Burnside Brewing Co ,47500,5000
CMB Cincinnati  LLC,107988.574537541,5000
Cabo Distributing Company  Inc,60140.3180542563,5000
Cahaba Brewing Company  LLC,140000,5000
Caldera Brewing Company,63546.0487804878,5000
Camino Brewing Company  LLC ,140000,5000
Camo Brewing Co  Inc ,13500,5000
Canal Street Brewing Co   L L C ,83812.8728336186,5000
Capital Brewery Company  Inc ,100103.870985696,5000
Carlsberg International,120859.071980964,5000
Cedar Creek Brewery  LLC,140000,5000
Ceeka International LLC,85161.0626283368,5000
Central Beer Import Export,56544.437538844,5000
Central Waters Brewing Co  LLC,53614.2700699183,5000
Central Wisconsin Ginseng  L L C ,55000,5000
Cerveceria Nacional Dominicana,64614.083205985,5000
Champion Brewing Company  LLC,13500,5000
Chateaux Selections  Inc ,102749.919897469,5000
Cigar City Brewing LLC,62285.7142857143,5000
Cineplay Interactive  Inc ,140000,5000
City Brewing Company  Inc ,105483.178853416,5000
Clipper City Brewing Company  Lp,103199.096923238,5000
Coastal Brewing Company LLC,35454.4715447154,5000
Cold Spring Brewing Company,103906.787613388,5000
Confluence Brewing Company  LLC,65000,5000
Coors Brewing Company,67413.4894757943,5000
Coppertail Brewing Co LLC,124979.172090601,5000
Core Brewing and Distilling Co ,42500,5000
Corner Brewery  LLC,91744.923857868,5000
Coronado Brewing Company  Inc ,102170.118910625,5000
Cowrind Studios  Inc ,128811.462238886,5000
Craft Brew Alliance Inc ,93055.155494073,5000
Creative Edge International Inc ,93333.3333333333,5000
Creature Comforts Brewing Company,65000,5000
Cricket Hill Brewing Co  Inc ,85000,5000
Crown Imports LLC,66941.4399848768,5000
Crown Valley Winery  Inc ,42500,5000
Culmination Brewing Company,140000,5000
Custom California Craft Beer  LLC,102749.140893471,5000
D G Yuengling   Son Inc,81672.61612261,5000
DESTIHL Holdings LLC,107500,5000
Damm S A,93706.5352814588,5000
Davidson Brothers Brewing  LLC,66179.0651744569,5000
Deep Ellum Brewing Company  LLC,66995.4128440367,5000
Deschutes Brewery  Inc ,78799.0613339552,5000
Detroit Rivertown Brewing Company,93245.7457457457,5000
Diageo Guinness USA Inc ,87618.4017172269,5000
Disk Technologies Corporation,65000,5000
Dixie Brewing Co Inc,108643.358850919,5000
Dogfish Head Craft Brewery,83021.6939140563,5000
Door County Brewing Co ,140000,5000
Dortmunder Actien Brauerei Ag,134090.999502735,5000
Dortmunder Union Import Corp ,88846.3091282868,5000
Doyna  Ltd ,75663.6921360848,5000
Dribeck Importers  Inc ,77281.3546108004,5000
Duclaw Brewery,85000,5000
Duke Brewing Company,65000,5000
Duncan Enterprises,140000,5000
Dust Bowl Brewing Co ,85000,5000
Edelweiss Imports  Inc ,47500,5000
Elysian Brewing Company,65000,5000
Empirical Brewery  LLC,85000,5000
Empyrean Brewing Co ,92753.5328345802,5000
Engaging Ventures,117737.836586408,5000
Entertainment Production House Inc ,83755.5481115484,5000
Epic Brewing Company  LLC,60388.6880165289,5000
Escutcheon Brewing Company,13500,5000
Eton Street Brewery  LLC,46602.9189733266,5000
Everybody s Brewing LLC,42500,5000
Evil Genius Beer Company,85000,5000
Excel Beverage LLC,85000,5000
Exile Brewing Company LLC,68987.5211781572,5000
F  X  Matt Brewing Co ,95228.7123911855,5000
F Town Brewing Company LLC,55000,5000
Farmstrong LLC,37500,5000
Fat Head s Brewing LP,140000,5000
Ferolito Vultaggio   Sons,82510.4735883424,5000
Figueroa Mountain Brewing Company,124680.070443205,5000
Fireman s Brew  Inc ,67354.6287101401,5000
Firestone   Walker Brewing Company,74924.9244284905,5000
Fish Brewing Co ,107516.274411617,5000
Five Star Brewing Inc,108375,5000
Flying Bison Brewing Company LLC,107170.401156487,5000
Food City,66916.6666666667,5000
Fort George Brewery,85000,5000
Founding Fathers Products  LLC,105159.2039801,5000
Fountain Square Brewery LLC,112500,5000
Four String Brewing Company  LLC,85000,5000
Franconia Brewing Company,96756.0953084596,5000
Frankenmuth Brewing Company,72911.8313992264,5000
Fratelli,86550.7766500308,5000
Free State ESB,37500,5000
Freetail Brewing Co   LLC,132135.186767288,5000
Frio Brewing Company,98450.1252086811,5000
Full Sail Brewing Co ,76260.1486988848,5000
Fuller Smith   Turner Plc,103333.333333333,5000
Fulton LLC,37500,5000
Funky Buddha Brewery,65792.2321987889,5000
G  K  Skaggs  Inc ,59651.1444098973,5000
Galveston Island Brewing LLC,140000,5000
Gebr  Maisel  Brauerei,102918.823208935,5000
Georgia Peach Products  Inc ,17500,5000
Gigantic brewing company LLC,85000,5000
Goliad Brewing Company,111000,5000
Goose Island Beer Company,81583.8155864197,5000
Gordon Biersch Brewing Company,117399.004133784,5000
Grain To Green  Inc ,22500,5000
Grand Canyon Brewery,27500,5000
Great Northern Brewing,140000,5000
Great Raft Brewing  LLC,75237.5296912114,5000
Gritty McDuff s Brewing Co ,124619.391025641,5000
Grolsche Bierbrouwerij Nederland Bv,102624.961973796,5000
Hacker Pschorr Brau Gmbh,106973.88938748,5000
Haffenreffer   Co   Inc ,97301.6262375145,5000
Half Acre Beer Company,140000,5000
Half Full Brewery  INC ,85000,5000
Hamburg Brewing Company,108959.523009741,5000
Hangar 24 Craft Brewery  LLC,75632.2973061118,5000
Hardywood Park Craft Brewery  LLC,72874.387254902,5000
Harris Teeter Inc ,64817.6864707782,5000
Harvest Moon Brewing Llp,61828.2988871224,5000
Heavyweight Brewing Company Inc ,17500,5000
Heid Meat Service   Catering,140000,5000
Heineken Brouwerijen B V ,75488.9848300967,5000
Heineken UK Ltd ,76552.9962787117,5000
High Falls Brewing Company  LLC,65895.3383943444,5000
Highland Brewing Company  Inc ,49450,5000
Home Brew Mart Inc ,74990.296667462,5000
Hudepohl Schoenling Beer,60801.8051434224,5000
Hunters Point Brewery LLC,85000,5000
Huss Brewing Company LLC,126634.467227688,5000
Hy Vee  Inc ,61457.5578116187,5000
ICB Acquisitions  LLC,61013.3708655876,5000
Icicle Brewing Company  LLC,85000,5000
Independence Brewing Co ,103021.023765996,5000
Indian River Brewing Company  Inc ,28200.9345794393,5000
Ingles Markets Inc ,87778.1216153489,5000
Iron Horse Brewery I Inc ,80942.7648280637,5000
Ironfire Brewing Company Inc ,55000,5000
Ithaca Beer Co   Inc ,76529.4306851078,5000
Jekyll Brewing  LLC,60263.435194942,5000
Jones Brewing Company,22500,5000
Joseph Huber Brewing Company,64908.0712228059,5000
June SF LLC,140000,5000
KBKK LLC,112500,5000
Karbach Brewing Company,119519.171661288,5000
Kern Importers   Dist  Inc ,70837.5390102541,5000
Kirin Brewery Company Ltd ,84768.1687440077,5000
Konig Brauerei Kg,140000,5000
Kraft Heinz Foods Company,93124.1682874399,5000
Kuechenberg Marketing Group,6500,5000
La Constancia  S A ,86406.2279415757,5000
Lager Heads Brewing Co  LLC,85000,5000
Lakefront Brewery  Inc ,88672.8310830221,5000
Lakeside Imports   Distributing  LLC,13500,5000
Lakewood Brewing Company  llc,135250.042840007,5000
Lancaster Malt Brewing Co ,114128.919860627,5000
Latitude 33 Brewing Company,56175.8028792913,5000
Latrobe Brewing Co,68230.7446031852,5000
Laurelwood Public House   Brewery,62404.6321525886,5000
Left Hand Brewing Co ,93165.1090342679,5000
Lewis   Clark Brewing Company,46656.9613552144,5000
Licores Veracruz S A  De C V ,43686.4071698445,5000
Live Oak Brewing Company,61666.6666666667,5000
Lonerider Brewing Company,86923.1262833676,5000
Lost 40 Brewery LLC,53097.1017558705,5000
M  A  Hagerman Company,140000,5000
Mad Scientists Brewing Partners,109120.902879875,5000
MadTree Brewing Company  LLC,42500,5000
Magic Hat Brewing Company   Performing Arts Center,107266.646848989,5000
Mark Anthony Brands Inc ,89159.573693897,5000
Market Garden Craft Brewery,140000,5000
Martin House Brewing Company  LLC,140000,5000
Mass  Bay Brewing Company Inc ,96733.1608734728,5000
Maui Brewing Co ,85154.7181372549,5000
Maumee Bay Brewing Company,32500,5000
McKenzie River Brewing Company  LLC,112227.98663325,5000
Mendocino Brewing Company,73165.0710967197,5000
Mhw  Ltd ,109963.644499133,5000
Millstream Investments  Inc ,62857.7452909755,5000
Milwaukee Premium Brewing Company LLC,34849.0544317063,5000
Minnesota Brewing Co   Inc ,22500,5000
Moab Brewers LLC,65000,5000
Modern Times  LLC,120537.419156144,5000
Molson Coors Brewing Company,56509.1322868438,5000
Moosehead Breweries Limited,88735.1480767949,5000
Mother Lode Brewerey LLC,85000,5000
Mother s Brewing Company  LLC,77844.2547829076,5000
Mountain View Brewery LLC,80865.2897395904,5000
Mozian   Associates  Inc ,78171.4087439278,5000
Mr  Beverages Old Time Cocktail Mixes,82730.1535445933,5000
Multicom Publishing Incorporated,65000,5000
Mutual Trading Co   Inc ,42500,5000
Mutual Wholesale Liquor Inc,86978.8241155954,5000
Mystery Brewing Company  LLC,140000,5000
N V  Interbrew S A ,93611.7599670453,5000
NHB Productions  LLC,85000,5000
Natty Greene s Brewing Co ,51809.943034697,5000
Nebraska Brewing Company   Beer,65000,5000
NeshCre Brewing LLC,140000,5000
New Belgium Brewing Company,90004.5694155306,5000
New Glarus Brewing Co ,85000,5000
New Glory Craft Brewing LLC,140000,5000
New Planet Beer Company,37500,5000
Ninkasi Brewing Company,83360.601257733,5000
No Label Brewing Co,81500,5000
Noble Rey Brewing Company,140000,5000
Nordic Tooling Company,85000,5000
North Coast Brewing Co ,128680.767364481,5000
Northern United Brewing Company LLC,92696.3552361396,5000
Northwest Brewing Company LLC,140000,5000
O Connor Brewing Company  LLC,55000,5000
Oak Creek Brewing Co ,85000,5000
Oak Highlands Brewery,140000,5000
Oasis Texas Brewing Company,140000,5000
Odell Brewing Company  Inc ,104345.417688101,5000
Old Bust Head Brewing Company  LLC,140000,5000
Oskar Blues,94463.6859781696,5000
Otter Creek Brewing  Inc ,92503.9515279241,5000
Pabst Brewing Company,57749.6992931195,5000
Palmetto Brewing Co ,46396.1861581544,5000
Paradise Eximport  Inc ,112076.923076923,5000
Paulaner Salvator Thomasbrau,97929.733546169,5000
Payette Brewing Company,140000,5000
Pennsylvania Brewing Co ,85000,5000
Peter Pan Seafoods  Inc ,85000,5000
Petoskey Brewing LLC,85000,5000
Pfriem Brewing Company  LLC,55063.025210084,5000
Phusion Projects Inc ,54078.6852589641,5000
Port City Brewing Company,27601.0504681434,5000
Portland Brewing Company,56481.6817628768,5000
Primo Industrial Inc ,89096.974025974,5000
Privatbrauerei Erdinger Weissbrau,85625.1512950859,5000
Progressive Games  Inc ,55000,5000
Prost Brewing Company,140000,5000
Quaff  LLC,86684.2585353141,5000
Quality Brewers,82930.7064751654,5000
Quisling Media,85000,5000
Rahr   Sons Brewing  Lp,90217.6736862822,5000
Rainbow Games Inc,121089.837324072,5000
Ray Ventures  LLC,55000,5000
Real Ale Brewery,71219.1577315592,5000
Red Hare Brewing Company  LLC,57702.9220779221,5000
Red Oak Brewery LLC,85000,5000
Redmont Designs  Inc ,114119.552414605,5000
Revolution Brewing LLC,98138.1742300174,5000
Revolver Brewing LLC,100902.259646131,5000
Rhinegeist  LLC,84052.1371981593,5000
Ritual Brewing Co   LLC,65000,5000
River Barrel Brewing Inc ,59627.0232230823,5000
Riviana Foods Inc ,47500,5000
Roak Brewing Co  LLC,85000,5000
Rochester Mills Production Brewery  LLC ,60000,5000
Rohrbach Brewing Company,91111.1111111111,5000
Roundbook Publishing Group  Inc ,118524.783378366,5000
Rufina Patis Factory,85000,5000
S   H Independent Premium Brands  LLC,77100.7181328546,5000
SHARON S SWEETS ENTERPRISES  INC,85000,5000
SPB  LLC,72998.6053646971,5000
Saint Archer Brewing Company,112639.443277311,5000
Saint Arnold Brewing Company,118934.552260783,5000
San Tan Brewing Company  Inc,59474.1458306061,5000
Sapporo U S A   Inc ,63762.40573003,5000
Sazerac Company  Inc ,79172.0277696831,5000
Sea Dog Brewing Co ,88506.7951143988,5000
Second Self  LLC,65000,5000
Seven Brides Brewing  Inc ,140000,5000
Shelton Brothers Importers,101019.539078156,5000
Short s Brewing Company,72335.5306526038,5000
Sierra Blanca Brewing Company  Inc ,69860.9967051071,5000
Sierra Nevada Brewing Co ,80889.8820286434,5000
Sly Fox Brewing Company  Inc ,85000,5000
Smuttynose Brewing Company  Inc ,59375,5000
Southern Star Brewing Company,118754.257663795,5000
Southern Tier Brewing Company,96333.281617093,5000
Spaten North America  Inc ,100610.497306116,5000
Spilker Ales,140000,5000
Sprecher Brewing Company  Inc ,77254.0172111797,5000
St  Florian s Brewery LLC,32500,5000
Stanley Stawski Distributing,54526.635021097,5000
Starr Hill Brewing Co ,106011.518545916,5000
Sterling Brewers  LLC,47500,5000
Stone Brewing Co ,97375.6041742951,5000
Stoudt Brewing Company,91250,5000
Sudwerk  Privatbrauerei Hubsch,87217.5161019322,5000
Summit Brewing Company,140000,5000
Surly Brewing Company,89252.9998455015,5000
T L C   Inc ,116752.325012237,5000
THE FAIR HOPE BREWING COMPANY  LLC,66250,5000
TUPPS Brewery LLC,17500,5000
Table Bluff Brewing  Inc ,93130.1407007924,5000
Tapistry Brewing Company  Inc ,140000,5000
Terminal Gravity Brewing Inc ,32500,5000
Terrapin Beer Company,92440.185546875,5000
The Brooklyn Brewery,88420.6190329535,5000
The District Brewing Company,85000,5000
The Face To Face Game Company,48364.650616559,5000
The Fargo Brewing Company  LLC,98616.4551780598,5000
The Fresh Market  Inc ,55000,5000
The Gambrinus Company,90546.0383307871,5000
The Great Lakes Brewing Co ,95183.1154588524,5000
The Lagunitas Brewing Company,81174.0232627498,5000
The Mountain Brewers  Inc ,110287.599282603,5000
The Olde Mecklenburg Brewery LLC,106489.307921743,5000
The Riley s Brewing Company  Inc ,47500,5000
The Saint Louis Brewery  Inc ,22619.391634981,5000
The Three Ring Brewing Co  LLC,85000,5000
Thimble Island Brewing Company,85000,5000
Three Floyds Brewing LLC,102108.681875792,5000
Thunderhead Brewing  Co ,140000,5000
Toppling Goliath Brewing Co ,100067.032789533,5000
Total Beverage Solution,88427.9590002672,5000
Trans Pecos Beverage Company  LLC ,84350.2475247525,5000
Trim Tab Brewing Co  LLC,140000,5000
Troegs Brewing Company,111413.904383142,5000
Tuckerman Brewing Co   L L C ,85000,5000
Two Brothers Brewing Company,96413.5127356454,5000
Two Roads Brewing Company LLC,91722.2581479566,5000
Uinta Brewing Company,100246.799495132,5000
United Brands Company  Inc ,7421.2962962963,5000
Universal Sales  Inc ,65000,5000
Upland Brewing Co ,119585.053674649,5000
Upslope Brewing Company,123124.278013092,5000
Urban Chestnut Brewing Company  Inc ,99426.259122769,5000
Utah Brewers Cooperative  L C ,61916.3780810756,5000
Victory Brewing Company,104900.56022409,5000
W Diamond Group Corporation,108417.616334283,5000
W w 21st Corporation,85000,5000
WC IPA LLC,112473.11827957,5000
Warsteiner Importers Agency,102078.319244157,5000
Wegmans Food Markets  Inc ,118589.649059505,5000
Westbrook Brewing Company LLC,101212.469569922,5000
Wild Heaven Craft Beers  LLC,65000,5000
William K  Busch Brewing Company  LLC,136813.16660537,5000
Williamsburg Alewerks LLC ,117453.857511997,5000
Wilmington Brewing Co   Inc ,140000,5000
Winery Exchange  Inc ,93944.7385837194,5000
Wisdom Import Sales Co   Inc ,75058.5507166562,5000
World Class Beverages,56250,5000
Yazoo Brewing Co ,122193.278981905,5000
Yee Haw Brewing LLC,63851.6443062827,5000
Zipline Brewing Co  LLC,135584.079944866,5000
,76926.1113928249,5000
7 Of Us  LLC,93043.7026515151,1113
A M  Braswell  Jr  Food Co  Inc ,59053.911205074,1113
Ad Visor,64056.3211503894,1113
Addiction Sauces  LLC,46250,1113
Ahold USA  Inc ,80435.8452138493,1113
Aldi Inc ,66038.2089246957,1113
Allied International Corp  Of Va,43367.6386506575,1113
Ashman Distributing Co ,85337.9009654313,1113
Associated Wholesale Grocers  Inc ,40777.2075365579,1113
Austin Grand Prize  Inc ,90041.8410041841,1113
Autopilot Enterprises,140000,1113
B G Foods  Inc ,85000,1113
Bandar Foods  LLC,42500,1113
Bar Codes Talk  Inc ,112500,1113
Baron Foods Limited,91002.3499638467,1113
Baumer Foods  Inc ,71420.4387556208,1113
Big Y Foods  Inc ,85000,1113
Bill Gray s Inc ,63674.0837696335,1113
Bowles Packaging Co  Inc ,85000,1113
Bravado Spice LLC,124491.525423729,1113
Bridge Foods  Inc ,55423.8505747126,1113
Brookshire Grocery Company,37500,1113
Bruce Foods  Inc ,53246.4839989669,1113
Bruno s Supermarkets  Inc ,39680.6409130816,1113
Butler s Gourmet Foods,56388.2063882064,1113
C   M Food Distributing  Inc ,72386.2750194957,1113
C  Wallace Enterprises  LLC,77546.4413607878,1113
C B P  Ltd,140000,1113
CHS Inc ,134184.936350778,1113
Caddy Mate Inc ,85000,1113
Cajohns Fiery Foods Company,86650.3768252473,1113
Cajun Chef Products Inc ,56244.6065989848,1113
Caribbean Food Products  Ltd ,55000,1113
Cascone s Food Products,65000,1113
Ce De Candy  Inc ,128703.591910655,1113
Chelten House Products  Inc ,108866.191904048,1113
Cj America  Inc ,115819.789150011,1113
Coach Tony s Gourmet Hot Sauce Inc ,113807.666214383,1113
ConAgra Foods Packaged Foods  LLC,51126.5172735761,1113
Conservas La Costena S A ,76439.3939393939,1113
Cookies Food Products Inc ,80506.3913470993,1113
Current s Tackle,70000,1113
Damper Group Inc ,52339.3632416787,1113
Danny Cash Unlimited  LLC,55000,1113
Dat L Do It  Inc ,74926.5575119713,1113
Dave s Gourmet Inc ,58977.8276362677,1113
DesignPac Gifts  LLC,85698.350130039,1113
Detersol  S A  De C V ,59777.081798084,1113
Detroit City Dairy  Inc ,72704.9180327869,1113
Don Abner Tabor LLC,140000,1113
Dr  Duphorn  Johnston   Co Usa,136407.678244973,1113
E   M Corporation,56167.1802773498,1113
El Fenix Corporation,109345.765269304,1113
Empacadora  Tapatio ,69447.7255471919,1113
Empacadora Bufalo S A,56030.4266530682,1113
Encore  Specialty Foods LLC,140000,1113
Entertainment Production House Inc ,65000,1113
Especias Castillo  S A  De C V,61605.9623107816,1113
Faith Unlimited Enterprise Inc ,90707.8039927405,1113
Family Dollar Stores Inc ,27500,1113
Family Food Distributors  Inc ,17500,1113
Famous Products Inc ,140000,1113
Festive Finer Foods,49237.6660341556,1113
Figueroa Brothers  Inc ,92764.6239554318,1113
Finest Food Distributing Co ,79638.7073347858,1113
First World Imports,41123.8532110092,1113
Floyd Peterson Company,61250,1113
Food Town Stores Inc ,54855.4752066116,1113
G L Mezzetta  Inc ,112924.007166318,1113
Gardner Resources Inc ,33344.523433386,1113
Gel Spice Company Inc,25154.3674698795,1113
Georgia Peach Products  Inc ,67625.3255208333,1113
Giant Eagle  Inc ,60570.215287379,1113
Gourmet Foods   Products  Inc ,64728.8629737609,1113
Goya Foods  Inc ,64636.4159631619,1113
H E Butt Grocery Company,85030.6453064531,1113
Hank Sauce  LLC,122857.315891473,1113
Hannaford Bros  Co ,94148.4040019057,1113
Harris Teeter Inc ,115719.424460432,1113
Homesweet Homegrown  LLC,13500,1113
Hooters Foods Inc ,19743.7169312169,1113
Horsetooth Hot Sauce,82624.5586504511,1113
Hungry Punker  Inc ,73763.336365892,1113
IQ Accessories  Inc ,63528.4145947691,1113
Iberia Foods Corporation,36675.2283105023,1113
Iga  Inc ,40683.3864118896,1113
Industrias Guacamaya Sa De Cv,27466.2960389159,1113
Ingles Markets Inc ,85000,1113
Jananna Foods Inc ,51633.4515171504,1113
Jmd Inc ,91176.678945877,1113
Juanita s Foods  Inc ,73077.7219730942,1113
Karlin Foods Corporation,40012.5628140703,1113
Key Food Stores Co Operative  Inc ,140000,1113
Kingston Marketing Co,36390.7014681892,1113
Kraft Heinz Foods Company,79104.1075282297,1113
Krasdale Foods  Inc ,85000,1113
Krista s Kitchen,140000,1113
La Canasta Mexican Foods Inc ,42500,1113
La Casa Ltd ,85000,1113
La Casita Hot Sauce LLC,106645.127850726,1113
La Nova Wings  Inc ,37500,1113
La Preferida Inc,52700.042158516,1113
La Victoria Foods Inc ,66102.8058877645,1113
Laboratorios Griffith mexico,86437.2074882995,1113
Liberto Specialty Company Inc ,72386.7924528302,1113
Lillie s Q Sauces   Rubs,55000,1113
Litehouse Inc ,69166.6666666667,1113
MSRF  Inc ,69069.4607268464,1113
Makiz,140000,1113
Market Basket Inc ,67725,1113
Master Sales Company,83149.4578029231,1113
McCall Farms Inc,32145.821157218,1113
McCormick   Company  Inc ,77538.4787860377,1113
McIlhenny Company,61456.2404141104,1113
Mega Alimentos  S  A  De C V ,50624.1513094083,1113
Motherlode Provisions,65000,1113
Mozian   Associates  Inc ,100036.796536797,1113
Mr  Beverages Old Time Cocktail Mixes,65000,1113
Nilda s Desserts Ltd ,42500,1113
Oak Hill Farms,128982.371794872,1113
Original Juan Specialty Foods  Inc ,37500,1113
P A  Cha Fong   Assocs ,85000,1113
Panola Pepper Corp,94280.7585568918,1113
Patti s Good Life,62500,1113
Pellicano Specialty Food Distributors,72146.4891041162,1113
Peppers Unlimited Of Louisiana  Inc ,45754.5278137128,1113
Pickapeppa Company Ltd ,140000,1113
Piggly Wiggly Company,46814.8211829436,1113
Price Chopper Supermarkets,78893.8805245265,1113
Private Label Foods,35488.9131225009,1113
Quisling Media,140000,1113
Rebel Royal Music  Inc ,22500,1113
Rickey s World Famous Sauce,65000,1113
Rol Rom Foods,42500,1113
Rosa Food Products Company Inc,47500,1113
Rouse s Enterprises  Inc ,55000,1113
Royal Montego Trading LLC,27500,1113
Royito s Hot Sauce Company LLC,135716.18852459,1113
S  M  Flickinger Co   Inc ,72250.5973715651,1113
Safeway  Inc ,68758.5391487126,1113
Salsa Huichol,56261.4896988906,1113
Salsa Tamazula  S A  De C V ,64217.8931875526,1113
Sauce Crafters  Inc ,140000,1113
Schnuck Markets  Inc ,87173.4234234234,1113
Secret Aardvark Trading Company,95813.2847306602,1113
Skyline Chili Inc ,64569.4347926801,1113
Smart   Final Iris Corporation,64909.4170403587,1113
Southeast Diversified Partners,140000,1113
Southeastern Mills Inc ,66399.6268183088,1113
Southwest Specialty Food Inc ,100940.224719101,1113
Spicy Liquid  Inc ,81180.676465203,1113
St Jamaica Legend,17500,1113
Sting  N  Linger Salsa Company,37358.7570621469,1113
Supervalu  Inc ,56175.5810413072,1113
Sweet Baby Rays Inc ,73954.1320267911,1113
Sweet Mouthful Specialty Foods,65000,1113
Sylvia Woods Food Company  LLC ,83446.7250922509,1113
T  W  GARNER FOOD COMPANY  INC ,65796.4809550077,1113
Target Stores,66424.0305149396,1113
Teasdale Foods  Inc ,81055.8583106267,1113
Texas Brand Hot Dog Sauce Co ,75415.5789913334,1113
The Boulder Hot Sauce Company,85000,1113
The Federated Group  Inc ,46736.6071428571,1113
The Kroger Co ,65595.2234016292,1113
The Moran Group Incorporated,36081.4274701272,1113
Topco Associates  Inc ,55107.6076076076,1113
Tops Markets  LLC,53601.7380881031,1113
Trappey s Fine Foods  Inc ,75597.3462002413,1113
True Made Foods  Inc ,29659.1080876795,1113
Unified Grocers  Inc ,37500,1113
United Natural Foods  Inc ,94526.4605711292,1113
United Oriental Food Technolog,85000,1113
Village Hot Sauce Co,77221.1337673504,1113
Vincents Food Corp ,85000,1113
Vivette   Company,107153.87374462,1113
Vizcaya Capital Interests  LLC,47345.5621301775,1113
Wakefern Food Corporation,53234.106962664,1113
Wal Mart Stores  Inc ,53249.6488419952,1113
Walker Foods Inc ,86038.8349514563,1113
Wang Globalnet,84186.8198307134,1113
Wegmans Food Markets  Inc ,112769.230769231,1113
Weis Markets  Inc ,82295.246277205,1113
Western Family Foods  Inc ,42743.0656934307,1113
Whitfield Foods  Inc ,70882.3529411765,1113
Winco Foods  Inc ,69924.6831498026,1113
Winn Dixie Stores  Inc ,63207.1856287425,1113
Yai s Thai  LLC,61378.1749764816,1113
ZB Importing Inc ,85000,1113
Zatarain s Inc ,78935.0282485876,1113
organic nature company,84810.7430304444,1113
,73101.2491759381,1113
A  C  Nielsen Company,42500,8470
A I I  Clubman,109911.626916525,8470
A P  Deauville  LLC,50820.2247191011,8470
A P  Products Ltd ,42500,8470
ABS Consumer Products  Inc ,66520.8175624527,8470
Abaco Partners  LLC,11689.1891891892,8470
Advance Beauty Care Inc,32902.4045261669,8470
Advantage Research Laboratories  Inc ,47500,8470
Agadir International  LLC,82857.9969389707,8470
Agbanga Karite,83839.4165039062,8470
Ahold USA  Inc ,88679.5127422269,8470
Aldi Inc ,89000,8470
Alterna Holdings Corp,88240.5281285878,8470
Amika,90278.482122174,8470
Andre Walker Hair LLC,130640.651085142,8470
Anewu  LLC,104653.952364515,8470
Army   Air Force Exchange Service  AAFES ,71034.7242701268,8470
Associated Wholesale Grocers  Inc ,48815.7051282051,8470
Aveda Corporation,102452.473786999,8470
Avlon Industries  Inc ,62377.220033122,8470
Awesome Products  Inc ,21768.6261107314,8470
BJ s Wholesale Club   Corporate Brands,65751.0491725394,8470
BWX Brands USA  Inc ,70617.7430436276,8470
Bentlin Products LLC,101362.487360971,8470
Better Planet Brands,98942.8831983658,8470
Billy Jealousy  LLC,65000,8470
Bio Creative Enterprises Inc ,65163.5660535117,8470
Biota Laboratories,67014.1822180536,8470
Black   Beautiful  Inc ,85000,8470
Black Onyx World,65000,8470
Blandi Products LLC,85000,8470
Blue Cross Laboratories Inc ,57040.7859065035,8470
Blue Zebra Brands,96185.619581846,8470
Boreas Gear  Inc,85000,8470
Bronner Bros,89362.4161073826,8470
Bumble and Bumble Products  LLC ,101828.018223235,8470
Burt s Bees  Inc ,80039.7659464562,8470
CSI Products  Inc ,93750,8470
CVS Pharmacy  Inc ,82356.0419275725,8470
Caleel  Hayden LLC,71843.7608019357,8470
Camille Rose Naturals,111646.231721035,8470
Carme  Inc ,86968.4613531097,8470
Chain Drug Marketing Association  Inc ,66803.1609195402,8470
Chattem  Inc ,74187.491157425,8470
Cheatham Chemical Co ,50656.7908201655,8470
Cilag GmbH International,80864.2737665246,8470
Classic Edition Fragrances,42500,8470
Colgate Palmolive Company,65876.7496111975,8470
ColorProof Haircare LLC,55000,8470
Combe Incorporated,80699.0775821134,8470
Conair Corporation,63084.8065461158,8470
Costco Companies Inc ,96995.531924745,8470
Cosway Company Inc,42500,8470
Coty Inc ,75320.8303834259,8470
Curls  LLC,31116.5334455196,8470
DM Natural Products  Inc ,53951.4864620394,8470
Davion  Inc ,91372.1804511278,8470
DeMert Brands Inc ,73160.2687352696,8470
Deep Steep,93538.7984981227,8470
Delhaize America  Inc ,64143.6472964289,8470
Delta Brands   Products LLC,46330.5916775032,8470
Desert Essence Cosmetics,66801.9067622783,8470
Deva Concepts LLC,123886.591848789,8470
Dillon Companies  Inc ,79944.3305325342,8470
Diversified Products,42500,8470
Dollar Tree Stores  Inc ,56820.374747204,8470
Dr  Miracles LLC,44369.6997629708,8470
Duane Reade  Inc ,22500,8470
E T  Browne Drug Company Inc ,77035.9046323071,8470
ESN Group  Inc ,84721.4773808494,8470
Evergreen Consumer Brands Ulc,54115.8752246768,8470
Fairy Tales,101844.683978442,8470
Family Dollar Stores Inc ,51558.154668128,8470
Fantasia Industries Corp,55000,8470
Farouk Systems Inc ,91450.7232923339,8470
Filo America,30230.7692307692,8470
Fleurology Products LLC,140000,8470
Fred s  Inc ,39210.5263157895,8470
Frederic Fekkai,98807.7978962954,8470
GBG USA Inc ,64467.8560442941,8470
Garcoa  Inc ,94495.9919839679,8470
Garde International Corp  Inc ,64637.4716774748,8470
Garnier Inc ,72529.6499713345,8470
Geiss  Destin   Dunn  Inc ,71133.9600470035,8470
Georgia Peach Products  Inc ,79251.1478420569,8470
Giovanni Cosmetics  Inc ,77351.8734014947,8470
Glencourt Inc ,86942.4395525081,8470
Grandall Distributing Co  Inc ,72276.4691597863,8470
Grandpa Brands Company,62957.9265457927,8470
Green Acre Inc ,85000,8470
H E Butt Grocery Company,88905.9913502361,8470
Harris Teeter Inc ,69909.2888243832,8470
Hatch LLC,85000,8470
Healthtex Distributors  Inc ,27500,8470
Herbert Bayer Inc ,51250,8470
High Ridge Brands Co ,64736.6914065437,8470
Hobe  Laboratories  Inc ,65000,8470
Home Health Products  Inc ,47500,8470
Honey World Inc ,55000,8470
Hoyu Co   Ltd ,22500,8470
Hugo Naturals,41829.6703296703,8470
Hy Vee  Inc ,98234.2406876791,8470
Idelle Labs  Ltd ,74796.2841353672,8470
Insight Pharmaceuticals LLC,73069.646958741,8470
Inspired Beauty Brands  Inc ,75571.2146247759,8470
It s A New 10 LLC,74647.1071637404,8470
J  Strickland   Co ,66890.2658045977,8470
J F Labs Inc ,27500,8470
JCS Beauty Holdings  LLC,64600.4159239453,8470
Jade Drug Co ,76821.0679483222,8470
Je Premiere  Inc ,22500,8470
Joe Products  Inc ,85000,8470
John Masters Organics  Inc ,65038.5861280488,8470
John Paul Mitchell Systems,91811.7438878625,8470
Johnson   Johnson health baby,78409.8903680176,8470
Johnson Products Company  Inc ,26875,8470
Juice Beauty  Inc ,83633.7750316385,8470
Kao USA Inc ,77815.2327291447,8470
Kenra Professional  LLC,84080.3660289727,8470
Key Brands International  Ltd ,98630.3080766028,8470
Keystone Laboratories  Inc ,140000,8470
Kiss My Face Corp ,89916.2092724512,8470
Kmart Corporation,57793.6962750716,8470
L Oreal U S A   Inc ,74200.6192406971,8470
L Oreal USA Professional Products Division,85485.2504870122,8470
Lake Consumer Products  Inc ,83295.3766337119,8470
Lamas Beauty Int L,84535.0596939633,8470
Lerner New York,65989.010989011,8470
Levlad LLC,58099.7423965956,8470
Limited Too,89100.3090962614,8470
Living Proof  Inc ,87934.9458629425,8470
Luster Products Inc ,72510.3062426384,8470
M   L Wholesale  Inc,140000,8470
Macadamia Natural Oil,50927.5554484089,8470
Madina Industrial Corp ,32500,8470
Major Pharmaceuticals,140000,8470
Mancave USA  LLC,140000,8470
Market Basket Inc ,95239.7991882077,8470
Matrix Essentials  Inc ,73574.3029150824,8470
McBride Research Labs,87848.2106129165,8470
McNeil Laboratories Inc ,83700.7166585084,8470
Mdx,42500,8470
Mechanical Servants Inc ,32500,8470
Meijer  Inc ,73708.7558153406,8470
Microbroo  LLC,66108.8216054574,8470
Mielle Organics,103196.482082657,8470
Mirta De Perales  Inc ,69641.2300683371,8470
Miss Jessie s LLC,86116.2173202614,8470
Mixed Chicks,67020.0858632321,8470
Moore Unique Skin Care,27500,8470
Mozian   Associates  Inc ,37500,8470
Murray s Worldwide Inc ,53178.3315993569,8470
NY Value Club Ltd,90182.6731311464,8470
Namaste Laboratories  L L C ,71672.5252628096,8470
Neutrogena Corporation,80823.3074905238,8470
Nexxus Products Company,85612.4122748626,8470
No Rinse Laboratories  LLC ,45837.7864539127,8470
Nouritress Hair Products  LLC,140000,8470
Nutraceutical Corporation,59939.2977314664,8470
Nutrine Ltd ,32500,8470
O Rourke Holdings LLC,99953.162328681,8470
Organix South  Inc ,60085.4408749146,8470
PH Beauty Labs  Inc ,76760.617727802,8470
Panrosa Enterprises  Inc  ,140000,8470
Pantresse Inc ,72315.3797601515,8470
Paradise Eximport  Inc ,105910.668118111,8470
Parfums De Coeur Ltd ,75800.2208065785,8470
Person   Covey Inc ,73560.989854853,8470
Pharmaceutical Specialties Inc,69765.6335838995,8470
Pharmacy Value Alliance  LLC,140000,8470
Piggy Paint LLC,54575.4716981132,8470
Presidio Brands  Inc ,80916.9413788161,8470
Prevent Products  Inc ,81950.3291628966,8470
Primary One  LLC ,81984.5667741065,8470
Pro Line Corporation,85000,8470
Pro s Choice Beauty Care  Inc ,91879.3790295808,8470
Professional Products  Unlimited  Inc ,48231.36506511,8470
Publix Super Markets  Inc ,83640.2673730392,8470
Quisling Media,85518.5225539333,8470
Rainbow Research Corp ,85000,8470
Redken Laboratories  Inc ,110207.720054729,8470
Rejoice International Corp ,51788.8811915483,8470
Renaissance Beauty,86656.4041450777,8470
Renpure  L L C ,70583.287438668,8470
Revlon Consumer Products Corp ,71070.9799397552,8470
Rite Aid Corporation,67516.9543052243,8470
Roux Laboratories  Inc ,82412.9688569287,8470
Rugby Laboratories,38602.648418059,8470
Safeway  Inc ,76046.3654318609,8470
Salon Commodities,71768.7148730716,8470
Salon Exclusives of New York  Inc ,140000,8470
Schwarzkopf   Henkel Inc ,85049.3615399276,8470
Scientific Hair Research,58950.7015726528,8470
Sears  Roebuck and Co ,113465.978128797,8470
Small World Trading Company,78346.0522453772,8470
SoapBox Soaps  LLC,82876.3684599369,8470
Soft Sheen Products  Inc ,86060.0098376783,8470
Stearn s Products Inc ,101310.970669259,8470
Stila Cosmetics  Inc ,107803.03030303,8470
Straight Arrow Products Inc ,62521.2536904839,8470
Strength of Nature  LLC,68608.0546046934,8470
Stryker Corporation,37500,8470
Sun Bum LLC,113746.151872755,8470
Sundial Fragrances   Flavors  Inc ,77091.0834390446,8470
Supervalu  Inc ,85126.6861100984,8470
TOMY International  Inc ,140000,8470
Taliah Waajid Black Earth Products,28551.3833992095,8470
Tejas Missions Photographic,55000,8470
Tginesis LLC,90833.3333333333,8470
The Australian Expatriate,140000,8470
The Dial Corporation,73824.7083752702,8470
The Hain Celestial Group  Inc ,76992.694737768,8470
The Kroger Co ,60373.6399604352,8470
The Lamaur Corporation,44920.814479638,8470
The Mane Choice Hair Solution,76322.9626028682,8470
The Moran Group Incorporated,42500,8470
The Naked Bee,85000,8470
The Procter   Gamble Company,77390.9785035669,8470
The Savannah Bee Company Inc,51331.343858298,8470
The Village Company  LLC,46328.125,8470
Tigi Linea  Corp ,90148.6588749685,8470
Topco Associates  Inc ,74837.8875057429,8470
Topo Logic Systems  Inc ,85000,8470
Trans India Products  Inc ,99624.5751787179,8470
Transom Symphony OpCo  LLC,80134.2159016457,8470
U P D   Inc ,85000,8470
USP LLC,81010.3325996576,8470
Uk Abba Products Inc ,96377.0499189043,8470
Ultimark Products LLC ,74017.6645454274,8470
Unilever Home and Personal Care USA,73753.3700108568,8470
Universal Beauty Products Inc ,63380.0608249382,8470
Vera Perfumeria Y Cosmetica,47500,8470
Vi Jon Inc ,70655.6433488124,8470
Vital s International Group,68696.7279948448,8470
Wakefern Food Corporation,80390.5668919574,8470
Wal Mart Stores  Inc ,68732.5523241395,8470
Walgreens Co ,70711.4674665436,8470
Western Family Foods  Inc ,22500,8470
White Rain Company,22500,8470
Whole Foods Market  Inc ,95887.6270173341,8470
Winco Foods  Inc ,72557.9969340828,8470
Winn Dixie Stores  Inc ,57214.2857142857,8470
Yes To  Inc ,67641.9649700514,8470
Zotos International  Inc ,73596.5730381034,8470
materious  llc,106036.363636364,8470
,78433.9651726081,8470
Ahold USA  Inc ,86808.8247525576,8404
All One God Faith  Inc ,78127.9300115151,8404
American Biotech Labs  LLC,85000,8404
Ashtel Studios Inc ,63750,8404
Auromere Inc ,79211.7898263496,8404
Bio Botanica Inc ,56817.26418378,8404
Block Drug Company  Inc ,78711.4286587769,8404
Branam Oral Health Technologies  Inc ,83750,8404
CCA Industries Inc ,59547.3541884334,8404
CVS Pharmacy  Inc ,77734.5832666584,8404
Caldwell Consumer Health  LLC,61873.2284580499,8404
Chattem  Inc ,87027.1779247091,8404
Church   Dwight Co   Inc ,73230.6345372684,8404
Colgate Palmolive Company,76184.2958674536,8404
Costco Companies Inc ,91636.9768376627,8404
Coty Inc ,67638.801427372,8404
Delhaize America  Inc ,72989.0510948905,8404
Delta Brands   Products LLC,48749.5845795945,8404
Desert Essence Cosmetics,63907.1853667075,8404
Dillon Companies  Inc ,67576.3788479838,8404
Dr  Brite,140000,8404
Dr  Collins  Inc ,49179.8941798942,8404
Dr  G  H  Tichenor Antiseptic,17500,8404
Dr  Harold Katz LLC,60601.324832069,8404
Epic Industries,49707.8821455553,8404
Evergreen Consumer Brands Ulc,45304.7091412742,8404
Frederick Hart Co   Inc ,98806.5414057063,8404
French Transit  Ltd ,84177.7657749253,8404
Glaxosmithkline Consumer Healthcare  Lp ,71837.5644990551,8404
Golden Products L L C ,47993.3920704846,8404
H E Butt Grocery Company,74671.9460207222,8404
Handi Craft Company,81512.2377622378,8404
Hello Products LLC,69770.5161254428,8404
Hy Vee  Inc ,55574.3953732913,8404
Johnson   Johnson health baby,69455.1826677995,8404
Kiss My Face Corp ,66548.7853799866,8404
Kmart Corporation,68125,8404
Levlad LLC,70575.1005338288,8404
Lil  Drug Store Products  Inc ,101480.97826087,8404
Lotus Brands  Inc ,103506.049516412,8404
Mechanical Servants Inc ,130187.626774848,8404
Meijer  Inc ,72629.982042747,8404
Navajo Manufacturing Company,84286.7435158501,8404
Newell Brands Inc ,68500,8404
Now Health Group Inc ,73584.5208915237,8404
Oral B Laboratories  Inc ,71036.4155544148,8404
Organix South  Inc ,34315.1780004263,8404
Philips Domestic Appliances   Personal Care,14835.8905937292,8404
Radius Corporation,52755.3967051695,8404
Ranir LLC,74842.2571013557,8404
Redmond Trading Company  L C ,65785.2422907489,8404
Rite Aid Corporation,80221.2554713355,8404
Rowpar Pharmaceuticals  Inc ,79901.5507883174,8404
Sears  Roebuck and Co ,62125,8404
Sunstar Americas  Inc ,88482.8856415232,8404
Talbot s Pharmaceuticals  LLC,77434.9456604929,8404
Tea Tree Therapy Inc ,64405.4958027282,8404
The Hain Celestial Group  Inc ,76416.863262966,8404
The Himalaya Drug Company,69110.9381457501,8404
The Honest Company  Inc ,90147.1071663379,8404
The Procter   Gamble Company,77529.4053686752,8404
Theocorp Holding Company,140000,8404
Topco Associates  Inc ,73815.5435087391,8404
Triumph Pharmaceuticals Inc ,85000,8404
United Exchange Corp ,49744.1860465116,8404
Wakefern Food Corporation,72943.0614898755,8404
Wal Mart Stores  Inc ,61849.9613211749,8404
Walgreens Co ,53080.2162162162,8404
Warner Lambert Consumer Health Care,81501.8717091356,8404
Wegmans Food Markets  Inc ,140000,8404
Western Family Foods  Inc ,22500,8404
Xlear Inc ,83797.2276587722,8404
Zion Health Inc ,74500,8404
,66683.4590676018,8404
